group	fill	showSelected2
1	#FFFFFF	unused
2	#1B9E77	train
3	#1B9E77	train
4	#D95F02	test
5	#D95F02	test
6	#1B9E77	train
7	#FFFFFF	unused
8	#FFFFFF	unused
9	#1B9E77	train
10	#D95F02	test
11	#FFFFFF	unused
12	#D95F02	test
13	#FFFFFF	unused
14	#D95F02	test
15	#1B9E77	train
16	#FFFFFF	unused
17	#FFFFFF	unused
18	#1B9E77	train
19	#D95F02	test
20	#1B9E77	train
21	#1B9E77	train
22	#FFFFFF	unused
23	#D95F02	test
24	#FFFFFF	unused
25	#1B9E77	train
26	#FFFFFF	unused
27	#FFFFFF	unused
28	#FFFFFF	unused
29	#D95F02	test
30	#FFFFFF	unused
31	#FFFFFF	unused
32	#D95F02	test
33	#D95F02	test
34	#1B9E77	train
35	#FFFFFF	unused
36	#FFFFFF	unused
37	#FFFFFF	unused
38	#FFFFFF	unused
39	#FFFFFF	unused
40	#D95F02	test
41	#FFFFFF	unused
42	#D95F02	test
43	#D95F02	test
44	#D95F02	test
45	#FFFFFF	unused
46	#FFFFFF	unused
47	#1B9E77	train
48	#FFFFFF	unused
49	#D95F02	test
50	#D95F02	test
51	#FFFFFF	unused
52	#1B9E77	train
53	#FFFFFF	unused
54	#1B9E77	train
55	#FFFFFF	unused
56	#D95F02	test
57	#FFFFFF	unused
58	#D95F02	test
59	#D95F02	test
60	#D95F02	test
61	#FFFFFF	unused
62	#D95F02	test
63	#D95F02	test
64	#D95F02	test
65	#FFFFFF	unused
66	#D95F02	test
67	#D95F02	test
68	#1B9E77	train
69	#1B9E77	train
70	#FFFFFF	unused
71	#FFFFFF	unused
72	#1B9E77	train
73	#FFFFFF	unused
74	#FFFFFF	unused
75	#D95F02	test
76	#D95F02	test
77	#D95F02	test
78	#FFFFFF	unused
79	#D95F02	test
80	#1B9E77	train
81	#D95F02	test
82	#FFFFFF	unused
83	#D95F02	test
84	#FFFFFF	unused
85	#FFFFFF	unused
86	#FFFFFF	unused
87	#FFFFFF	unused
88	#FFFFFF	unused
89	#FFFFFF	unused
90	#1B9E77	train
91	#1B9E77	train
92	#FFFFFF	unused
93	#1B9E77	train
94	#D95F02	test
95	#1B9E77	train
96	#D95F02	test
97	#D95F02	test
98	#D95F02	test
99	#D95F02	test
100	#D95F02	test
101	#1B9E77	train
102	#1B9E77	train
103	#D95F02	test
104	#1B9E77	train
105	#D95F02	test
106	#FFFFFF	unused
107	#FFFFFF	unused
108	#1B9E77	train
109	#1B9E77	train
110	#FFFFFF	unused
111	#FFFFFF	unused
112	#D95F02	test
113	#1B9E77	train
114	#D95F02	test
115	#FFFFFF	unused
116	#1B9E77	train
117	#FFFFFF	unused
118	#D95F02	test
119	#1B9E77	train
120	#FFFFFF	unused
121	#FFFFFF	unused
122	#1B9E77	train
123	#D95F02	test
124	#FFFFFF	unused
125	#1B9E77	train
126	#D95F02	test
127	#FFFFFF	unused
128	#FFFFFF	unused
129	#FFFFFF	unused
130	#1B9E77	train
131	#FFFFFF	unused
132	#D95F02	test
133	#FFFFFF	unused
134	#FFFFFF	unused
135	#D95F02	test
136	#FFFFFF	unused
137	#D95F02	test
138	#1B9E77	train
139	#D95F02	test
140	#1B9E77	train
141	#1B9E77	train
142	#1B9E77	train
143	#D95F02	test
144	#D95F02	test
145	#FFFFFF	unused
146	#FFFFFF	unused
147	#FFFFFF	unused
148	#D95F02	test
149	#FFFFFF	unused
150	#FFFFFF	unused
151	#1B9E77	train
152	#FFFFFF	unused
153	#FFFFFF	unused
154	#1B9E77	train
155	#1B9E77	train
156	#1B9E77	train
157	#FFFFFF	unused
158	#D95F02	test
159	#D95F02	test
160	#FFFFFF	unused
161	#FFFFFF	unused
162	#D95F02	test
163	#FFFFFF	unused
164	#1B9E77	train
165	#FFFFFF	unused
166	#D95F02	test
167	#FFFFFF	unused
168	#D95F02	test
169	#FFFFFF	unused
170	#1B9E77	train
171	#1B9E77	train
172	#1B9E77	train
173	#1B9E77	train
174	#1B9E77	train
175	#1B9E77	train
176	#1B9E77	train
177	#D95F02	test
178	#FFFFFF	unused
179	#D95F02	test
180	#D95F02	test
181	#1B9E77	train
182	#FFFFFF	unused
183	#D95F02	test
184	#D95F02	test
185	#D95F02	test
186	#1B9E77	train
187	#D95F02	test
188	#FFFFFF	unused
189	#1B9E77	train
190	#FFFFFF	unused
191	#D95F02	test
192	#FFFFFF	unused
193	#D95F02	test
194	#1B9E77	train
195	#D95F02	test
196	#1B9E77	train
197	#FFFFFF	unused
198	#D95F02	test
199	#D95F02	test
200	#D95F02	test
201	#1B9E77	train
202	#FFFFFF	unused
203	#1B9E77	train
204	#D95F02	test
205	#1B9E77	train
206	#D95F02	test
207	#1B9E77	train
208	#1B9E77	train
209	#1B9E77	train
210	#D95F02	test
211	#1B9E77	train
212	#FFFFFF	unused
213	#D95F02	test
214	#1B9E77	train
215	#D95F02	test
216	#FFFFFF	unused
217	#FFFFFF	unused
218	#1B9E77	train
219	#D95F02	test
220	#D95F02	test
221	#D95F02	test
222	#FFFFFF	unused
223	#1B9E77	train
224	#FFFFFF	unused
225	#D95F02	test
226	#FFFFFF	unused
227	#D95F02	test
228	#D95F02	test
229	#1B9E77	train
230	#FFFFFF	unused
231	#FFFFFF	unused
232	#D95F02	test
233	#FFFFFF	unused
234	#FFFFFF	unused
235	#D95F02	test
236	#1B9E77	train
237	#D95F02	test
238	#FFFFFF	unused
239	#D95F02	test
240	#FFFFFF	unused
241	#FFFFFF	unused
242	#1B9E77	train
243	#1B9E77	train
244	#FFFFFF	unused
245	#D95F02	test
246	#D95F02	test
247	#1B9E77	train
248	#FFFFFF	unused
249	#D95F02	test
250	#D95F02	test
251	#1B9E77	train
252	#1B9E77	train
253	#1B9E77	train
254	#D95F02	test
255	#D95F02	test
256	#D95F02	test
257	#FFFFFF	unused
258	#1B9E77	train
259	#D95F02	test
260	#1B9E77	train
261	#FFFFFF	unused
262	#FFFFFF	unused
263	#FFFFFF	unused
264	#D95F02	test
265	#1B9E77	train
266	#1B9E77	train
267	#FFFFFF	unused
268	#D95F02	test
269	#D95F02	test
270	#1B9E77	train
271	#1B9E77	train
272	#1B9E77	train
273	#D95F02	test
274	#D95F02	test
275	#D95F02	test
276	#FFFFFF	unused
277	#D95F02	test
278	#1B9E77	train
279	#FFFFFF	unused
280	#FFFFFF	unused
281	#D95F02	test
282	#D95F02	test
283	#D95F02	test
284	#D95F02	test
285	#1B9E77	train
286	#1B9E77	train
287	#FFFFFF	unused
288	#FFFFFF	unused
289	#1B9E77	train
290	#1B9E77	train
291	#D95F02	test
292	#D95F02	test
293	#1B9E77	train
294	#D95F02	test
295	#1B9E77	train
296	#1B9E77	train
297	#D95F02	test
298	#D95F02	test
299	#FFFFFF	unused
300	#FFFFFF	unused
301	#D95F02	test
302	#D95F02	test
303	#1B9E77	train
304	#FFFFFF	unused
305	#D95F02	test
306	#FFFFFF	unused
307	#D95F02	test
308	#1B9E77	train
309	#D95F02	test
310	#FFFFFF	unused
311	#FFFFFF	unused
312	#FFFFFF	unused
313	#FFFFFF	unused
314	#D95F02	test
315	#FFFFFF	unused
316	#1B9E77	train
317	#1B9E77	train
318	#FFFFFF	unused
319	#D95F02	test
320	#FFFFFF	unused
321	#D95F02	test
322	#D95F02	test
323	#1B9E77	train
324	#D95F02	test
325	#FFFFFF	unused
326	#1B9E77	train
327	#1B9E77	train
328	#FFFFFF	unused
329	#FFFFFF	unused
330	#1B9E77	train
331	#1B9E77	train
332	#FFFFFF	unused
333	#FFFFFF	unused
334	#FFFFFF	unused
335	#FFFFFF	unused
336	#D95F02	test
337	#1B9E77	train
338	#D95F02	test
339	#FFFFFF	unused
340	#D95F02	test
341	#1B9E77	train
342	#D95F02	test
343	#FFFFFF	unused
344	#FFFFFF	unused
345	#FFFFFF	unused
346	#FFFFFF	unused
347	#1B9E77	train
348	#FFFFFF	unused
349	#FFFFFF	unused
350	#D95F02	test
351	#D95F02	test
352	#D95F02	test
353	#D95F02	test
354	#FFFFFF	unused
355	#FFFFFF	unused
356	#D95F02	test
357	#1B9E77	train
358	#1B9E77	train
359	#FFFFFF	unused
360	#FFFFFF	unused
361	#D95F02	test
362	#FFFFFF	unused
363	#1B9E77	train
364	#1B9E77	train
365	#1B9E77	train
366	#FFFFFF	unused
367	#1B9E77	train
368	#FFFFFF	unused
369	#FFFFFF	unused
370	#D95F02	test
371	#FFFFFF	unused
372	#FFFFFF	unused
373	#FFFFFF	unused
374	#1B9E77	train
375	#D95F02	test
376	#1B9E77	train
377	#D95F02	test
378	#1B9E77	train
379	#FFFFFF	unused
380	#FFFFFF	unused
381	#1B9E77	train
382	#FFFFFF	unused
383	#FFFFFF	unused
384	#D95F02	test
385	#1B9E77	train
386	#D95F02	test
387	#FFFFFF	unused
388	#D95F02	test
389	#D95F02	test
390	#D95F02	test
391	#FFFFFF	unused
392	#D95F02	test
393	#D95F02	test
394	#D95F02	test
395	#1B9E77	train
396	#FFFFFF	unused
397	#1B9E77	train
398	#D95F02	test
399	#FFFFFF	unused
400	#D95F02	test
401	#1B9E77	train
402	#FFFFFF	unused
403	#FFFFFF	unused
404	#FFFFFF	unused
405	#1B9E77	train
406	#FFFFFF	unused
407	#FFFFFF	unused
408	#1B9E77	train
409	#D95F02	test
410	#FFFFFF	unused
411	#FFFFFF	unused
412	#FFFFFF	unused
413	#FFFFFF	unused
414	#FFFFFF	unused
415	#FFFFFF	unused
416	#D95F02	test
417	#1B9E77	train
418	#FFFFFF	unused
419	#1B9E77	train
420	#FFFFFF	unused
421	#1B9E77	train
422	#D95F02	test
423	#D95F02	test
424	#D95F02	test
425	#FFFFFF	unused
426	#D95F02	test
427	#1B9E77	train
428	#D95F02	test
429	#D95F02	test
430	#D95F02	test
431	#FFFFFF	unused
432	#D95F02	test
433	#D95F02	test
434	#1B9E77	train
435	#FFFFFF	unused
436	#D95F02	test
437	#FFFFFF	unused
438	#D95F02	test
439	#1B9E77	train
440	#1B9E77	train
441	#1B9E77	train
442	#FFFFFF	unused
443	#D95F02	test
444	#FFFFFF	unused
445	#1B9E77	train
446	#1B9E77	train
447	#FFFFFF	unused
448	#D95F02	test
449	#D95F02	test
450	#1B9E77	train
451	#FFFFFF	unused
452	#FFFFFF	unused
453	#FFFFFF	unused
454	#1B9E77	train
455	#D95F02	test
456	#D95F02	test
457	#FFFFFF	unused
458	#FFFFFF	unused
459	#FFFFFF	unused
460	#1B9E77	train
461	#D95F02	test
462	#D95F02	test
463	#1B9E77	train
464	#1B9E77	train
465	#D95F02	test
466	#1B9E77	train
467	#FFFFFF	unused
468	#FFFFFF	unused
469	#D95F02	test
470	#FFFFFF	unused
471	#D95F02	test
472	#FFFFFF	unused
473	#D95F02	test
474	#D95F02	test
475	#1B9E77	train
476	#1B9E77	train
477	#FFFFFF	unused
478	#D95F02	test
479	#1B9E77	train
480	#1B9E77	train
481	#D95F02	test
482	#D95F02	test
483	#D95F02	test
484	#D95F02	test
485	#D95F02	test
486	#FFFFFF	unused
487	#FFFFFF	unused
488	#1B9E77	train
489	#FFFFFF	unused
490	#D95F02	test
491	#D95F02	test
492	#D95F02	test
493	#FFFFFF	unused
494	#1B9E77	train
495	#D95F02	test
496	#D95F02	test
497	#D95F02	test
498	#FFFFFF	unused
499	#D95F02	test
500	#FFFFFF	unused
501	#FFFFFF	unused
502	#1B9E77	train
503	#1B9E77	train
504	#1B9E77	train
505	#D95F02	test
506	#1B9E77	train
507	#D95F02	test
508	#1B9E77	train
509	#FFFFFF	unused
510	#FFFFFF	unused
511	#1B9E77	train
512	#FFFFFF	unused
513	#1B9E77	train
514	#1B9E77	train
515	#FFFFFF	unused
516	#1B9E77	train
517	#D95F02	test
518	#1B9E77	train
519	#1B9E77	train
520	#1B9E77	train
521	#FFFFFF	unused
522	#FFFFFF	unused
523	#D95F02	test
524	#D95F02	test
525	#FFFFFF	unused
526	#FFFFFF	unused
527	#D95F02	test
528	#D95F02	test
529	#D95F02	test
530	#D95F02	test
531	#1B9E77	train
532	#D95F02	test
533	#D95F02	test
534	#1B9E77	train
535	#FFFFFF	unused
536	#D95F02	test
537	#D95F02	test
538	#FFFFFF	unused
539	#FFFFFF	unused
540	#D95F02	test
541	#FFFFFF	unused
542	#FFFFFF	unused
543	#D95F02	test
544	#FFFFFF	unused
545	#1B9E77	train
546	#1B9E77	train
547	#1B9E77	train
548	#1B9E77	train
549	#FFFFFF	unused
550	#FFFFFF	unused
551	#FFFFFF	unused
552	#D95F02	test
553	#FFFFFF	unused
554	#FFFFFF	unused
555	#FFFFFF	unused
556	#1B9E77	train
557	#FFFFFF	unused
558	#1B9E77	train
559	#FFFFFF	unused
560	#1B9E77	train
561	#1B9E77	train
562	#FFFFFF	unused
563	#FFFFFF	unused
564	#FFFFFF	unused
565	#1B9E77	train
566	#D95F02	test
567	#FFFFFF	unused
568	#FFFFFF	unused
569	#FFFFFF	unused
570	#D95F02	test
571	#FFFFFF	unused
572	#FFFFFF	unused
573	#D95F02	test
574	#1B9E77	train
575	#D95F02	test
576	#FFFFFF	unused
577	#D95F02	test
578	#FFFFFF	unused
579	#1B9E77	train
580	#FFFFFF	unused
581	#FFFFFF	unused
582	#FFFFFF	unused
583	#D95F02	test
584	#1B9E77	train
585	#FFFFFF	unused
586	#FFFFFF	unused
587	#FFFFFF	unused
588	#FFFFFF	unused
589	#FFFFFF	unused
590	#D95F02	test
591	#FFFFFF	unused
592	#FFFFFF	unused
593	#FFFFFF	unused
594	#FFFFFF	unused
595	#1B9E77	train
596	#D95F02	test
597	#D95F02	test
598	#FFFFFF	unused
599	#1B9E77	train
600	#FFFFFF	unused
601	#1B9E77	train
602	#1B9E77	train
603	#D95F02	test
604	#D95F02	test
605	#D95F02	test
606	#FFFFFF	unused
607	#FFFFFF	unused
608	#1B9E77	train
609	#D95F02	test
610	#1B9E77	train
611	#FFFFFF	unused
612	#D95F02	test
613	#D95F02	test
614	#D95F02	test
615	#1B9E77	train
616	#1B9E77	train
617	#FFFFFF	unused
618	#FFFFFF	unused
619	#D95F02	test
620	#1B9E77	train
621	#D95F02	test
622	#FFFFFF	unused
623	#1B9E77	train
624	#D95F02	test
625	#1B9E77	train
626	#1B9E77	train
627	#FFFFFF	unused
628	#D95F02	test
629	#FFFFFF	unused
630	#D95F02	test
631	#FFFFFF	unused
632	#1B9E77	train
633	#1B9E77	train
634	#FFFFFF	unused
635	#FFFFFF	unused
636	#D95F02	test
637	#D95F02	test
638	#1B9E77	train
639	#1B9E77	train
640	#FFFFFF	unused
641	#1B9E77	train
642	#D95F02	test
643	#D95F02	test
644	#1B9E77	train
645	#D95F02	test
646	#FFFFFF	unused
647	#1B9E77	train
648	#D95F02	test
649	#FFFFFF	unused
650	#1B9E77	train
651	#D95F02	test
652	#1B9E77	train
653	#FFFFFF	unused
654	#D95F02	test
655	#FFFFFF	unused
656	#FFFFFF	unused
657	#D95F02	test
658	#FFFFFF	unused
659	#1B9E77	train
660	#1B9E77	train
661	#1B9E77	train
662	#1B9E77	train
663	#D95F02	test
664	#1B9E77	train
665	#1B9E77	train
666	#FFFFFF	unused
667	#FFFFFF	unused
668	#D95F02	test
669	#D95F02	test
670	#1B9E77	train
671	#D95F02	test
672	#D95F02	test
673	#FFFFFF	unused
674	#FFFFFF	unused
675	#D95F02	test
676	#1B9E77	train
677	#D95F02	test
678	#D95F02	test
679	#FFFFFF	unused
680	#D95F02	test
681	#1B9E77	train
682	#1B9E77	train
683	#FFFFFF	unused
684	#FFFFFF	unused
685	#1B9E77	train
686	#FFFFFF	unused
687	#1B9E77	train
688	#1B9E77	train
689	#D95F02	test
690	#D95F02	test
691	#FFFFFF	unused
692	#1B9E77	train
693	#FFFFFF	unused
694	#D95F02	test
695	#FFFFFF	unused
696	#D95F02	test
697	#FFFFFF	unused
698	#FFFFFF	unused
699	#FFFFFF	unused
700	#D95F02	test
701	#1B9E77	train
702	#D95F02	test
703	#1B9E77	train
704	#1B9E77	train
705	#FFFFFF	unused
706	#D95F02	test
707	#D95F02	test
708	#FFFFFF	unused
709	#D95F02	test
710	#D95F02	test
711	#D95F02	test
712	#D95F02	test
713	#FFFFFF	unused
714	#FFFFFF	unused
715	#1B9E77	train
716	#FFFFFF	unused
717	#D95F02	test
718	#FFFFFF	unused
719	#FFFFFF	unused
720	#1B9E77	train
721	#FFFFFF	unused
722	#D95F02	test
723	#1B9E77	train
724	#D95F02	test
725	#FFFFFF	unused
726	#FFFFFF	unused
727	#1B9E77	train
728	#D95F02	test
729	#FFFFFF	unused
730	#1B9E77	train
731	#FFFFFF	unused
732	#FFFFFF	unused
733	#FFFFFF	unused
734	#1B9E77	train
735	#D95F02	test
736	#FFFFFF	unused
737	#FFFFFF	unused
738	#FFFFFF	unused
739	#D95F02	test
740	#D95F02	test
741	#FFFFFF	unused
742	#FFFFFF	unused
743	#FFFFFF	unused
744	#1B9E77	train
745	#FFFFFF	unused
746	#1B9E77	train
747	#FFFFFF	unused
748	#FFFFFF	unused
749	#FFFFFF	unused
750	#D95F02	test
751	#FFFFFF	unused
752	#D95F02	test
753	#FFFFFF	unused
754	#FFFFFF	unused
755	#D95F02	test
756	#D95F02	test
757	#1B9E77	train
758	#1B9E77	train
759	#1B9E77	train
760	#1B9E77	train
761	#1B9E77	train
762	#D95F02	test
763	#FFFFFF	unused
764	#D95F02	test
765	#D95F02	test
766	#FFFFFF	unused
767	#D95F02	test
768	#FFFFFF	unused
769	#1B9E77	train
770	#1B9E77	train
771	#FFFFFF	unused
772	#FFFFFF	unused
773	#FFFFFF	unused
774	#D95F02	test
775	#1B9E77	train
776	#D95F02	test
777	#D95F02	test
778	#D95F02	test
779	#D95F02	test
780	#1B9E77	train
781	#FFFFFF	unused
782	#1B9E77	train
783	#D95F02	test
784	#D95F02	test
785	#1B9E77	train
786	#D95F02	test
787	#FFFFFF	unused
788	#1B9E77	train
789	#D95F02	test
790	#1B9E77	train
791	#1B9E77	train
792	#D95F02	test
793	#D95F02	test
794	#1B9E77	train
795	#FFFFFF	unused
796	#FFFFFF	unused
797	#FFFFFF	unused
798	#1B9E77	train
799	#D95F02	test
800	#FFFFFF	unused
801	#FFFFFF	unused
802	#1B9E77	train
803	#FFFFFF	unused
804	#FFFFFF	unused
805	#D95F02	test
806	#1B9E77	train
807	#FFFFFF	unused
808	#FFFFFF	unused
809	#1B9E77	train
810	#FFFFFF	unused
811	#FFFFFF	unused
812	#1B9E77	train
813	#D95F02	test
814	#FFFFFF	unused
815	#1B9E77	train
816	#1B9E77	train
817	#1B9E77	train
818	#D95F02	test
819	#D95F02	test
820	#D95F02	test
821	#D95F02	test
822	#FFFFFF	unused
823	#1B9E77	train
824	#FFFFFF	unused
825	#1B9E77	train
826	#FFFFFF	unused
827	#FFFFFF	unused
828	#1B9E77	train
829	#1B9E77	train
830	#FFFFFF	unused
831	#1B9E77	train
832	#1B9E77	train
833	#D95F02	test
834	#1B9E77	train
835	#FFFFFF	unused
836	#D95F02	test
837	#1B9E77	train
838	#D95F02	test
839	#FFFFFF	unused
840	#D95F02	test
841	#FFFFFF	unused
842	#FFFFFF	unused
843	#1B9E77	train
844	#FFFFFF	unused
845	#D95F02	test
846	#D95F02	test
847	#1B9E77	train
848	#1B9E77	train
849	#1B9E77	train
850	#D95F02	test
851	#D95F02	test
852	#D95F02	test
853	#FFFFFF	unused
854	#FFFFFF	unused
855	#1B9E77	train
856	#1B9E77	train
857	#1B9E77	train
858	#1B9E77	train
859	#1B9E77	train
860	#D95F02	test
861	#FFFFFF	unused
862	#D95F02	test
863	#1B9E77	train
864	#FFFFFF	unused
865	#D95F02	test
866	#D95F02	test
867	#1B9E77	train
868	#FFFFFF	unused
869	#FFFFFF	unused
870	#D95F02	test
871	#D95F02	test
872	#FFFFFF	unused
873	#D95F02	test
874	#FFFFFF	unused
875	#1B9E77	train
876	#FFFFFF	unused
877	#1B9E77	train
878	#D95F02	test
879	#D95F02	test
880	#FFFFFF	unused
881	#FFFFFF	unused
882	#1B9E77	train
883	#1B9E77	train
884	#FFFFFF	unused
885	#1B9E77	train
886	#FFFFFF	unused
887	#FFFFFF	unused
888	#D95F02	test
889	#1B9E77	train
890	#1B9E77	train
891	#FFFFFF	unused
892	#FFFFFF	unused
893	#D95F02	test
894	#FFFFFF	unused
895	#1B9E77	train
896	#D95F02	test
897	#FFFFFF	unused
898	#FFFFFF	unused
899	#1B9E77	train
900	#FFFFFF	unused
901	#FFFFFF	unused
902	#1B9E77	train
903	#1B9E77	train
904	#D95F02	test
905	#D95F02	test
906	#1B9E77	train
907	#FFFFFF	unused
908	#FFFFFF	unused
909	#1B9E77	train
910	#D95F02	test
911	#FFFFFF	unused
912	#D95F02	test
913	#FFFFFF	unused
914	#D95F02	test
915	#1B9E77	train
916	#FFFFFF	unused
917	#FFFFFF	unused
918	#1B9E77	train
919	#D95F02	test
920	#1B9E77	train
921	#1B9E77	train
922	#FFFFFF	unused
923	#D95F02	test
924	#FFFFFF	unused
925	#1B9E77	train
926	#FFFFFF	unused
927	#FFFFFF	unused
928	#FFFFFF	unused
929	#D95F02	test
930	#FFFFFF	unused
931	#FFFFFF	unused
932	#D95F02	test
933	#D95F02	test
934	#1B9E77	train
935	#FFFFFF	unused
936	#FFFFFF	unused
937	#FFFFFF	unused
938	#FFFFFF	unused
939	#FFFFFF	unused
940	#D95F02	test
941	#FFFFFF	unused
942	#D95F02	test
943	#D95F02	test
944	#D95F02	test
945	#FFFFFF	unused
946	#FFFFFF	unused
947	#1B9E77	train
948	#FFFFFF	unused
949	#D95F02	test
950	#D95F02	test
951	#FFFFFF	unused
952	#1B9E77	train
953	#FFFFFF	unused
954	#1B9E77	train
955	#FFFFFF	unused
956	#D95F02	test
957	#FFFFFF	unused
958	#D95F02	test
959	#D95F02	test
960	#D95F02	test
961	#FFFFFF	unused
962	#D95F02	test
963	#D95F02	test
964	#D95F02	test
965	#FFFFFF	unused
966	#D95F02	test
967	#D95F02	test
968	#1B9E77	train
969	#1B9E77	train
970	#FFFFFF	unused
971	#FFFFFF	unused
972	#1B9E77	train
973	#FFFFFF	unused
974	#FFFFFF	unused
975	#D95F02	test
976	#D95F02	test
977	#D95F02	test
978	#FFFFFF	unused
979	#D95F02	test
980	#1B9E77	train
981	#D95F02	test
982	#FFFFFF	unused
983	#D95F02	test
984	#FFFFFF	unused
985	#FFFFFF	unused
986	#FFFFFF	unused
987	#FFFFFF	unused
988	#FFFFFF	unused
989	#FFFFFF	unused
990	#1B9E77	train
991	#1B9E77	train
992	#FFFFFF	unused
993	#1B9E77	train
994	#D95F02	test
995	#1B9E77	train
996	#D95F02	test
997	#D95F02	test
998	#D95F02	test
999	#D95F02	test
1000	#D95F02	test
1001	#1B9E77	train
1002	#1B9E77	train
1003	#D95F02	test
1004	#1B9E77	train
1005	#D95F02	test
1006	#FFFFFF	unused
1007	#FFFFFF	unused
1008	#1B9E77	train
1009	#1B9E77	train
1010	#FFFFFF	unused
1011	#FFFFFF	unused
1012	#D95F02	test
1013	#1B9E77	train
1014	#D95F02	test
1015	#FFFFFF	unused
1016	#1B9E77	train
1017	#FFFFFF	unused
1018	#D95F02	test
1019	#1B9E77	train
1020	#FFFFFF	unused
1021	#FFFFFF	unused
1022	#1B9E77	train
1023	#D95F02	test
1024	#FFFFFF	unused
1025	#1B9E77	train
1026	#D95F02	test
1027	#FFFFFF	unused
1028	#FFFFFF	unused
1029	#FFFFFF	unused
1030	#1B9E77	train
1031	#FFFFFF	unused
1032	#D95F02	test
1033	#FFFFFF	unused
1034	#FFFFFF	unused
1035	#D95F02	test
1036	#FFFFFF	unused
1037	#D95F02	test
1038	#1B9E77	train
1039	#D95F02	test
1040	#1B9E77	train
1041	#1B9E77	train
1042	#1B9E77	train
1043	#D95F02	test
1044	#D95F02	test
1045	#FFFFFF	unused
1046	#FFFFFF	unused
1047	#FFFFFF	unused
1048	#D95F02	test
1049	#FFFFFF	unused
1050	#FFFFFF	unused
1051	#1B9E77	train
1052	#FFFFFF	unused
1053	#FFFFFF	unused
1054	#1B9E77	train
1055	#1B9E77	train
1056	#1B9E77	train
1057	#FFFFFF	unused
1058	#D95F02	test
1059	#D95F02	test
1060	#FFFFFF	unused
1061	#FFFFFF	unused
1062	#D95F02	test
1063	#FFFFFF	unused
1064	#1B9E77	train
1065	#FFFFFF	unused
1066	#D95F02	test
1067	#FFFFFF	unused
1068	#D95F02	test
1069	#FFFFFF	unused
1070	#1B9E77	train
1071	#1B9E77	train
1072	#1B9E77	train
1073	#1B9E77	train
1074	#1B9E77	train
1075	#1B9E77	train
1076	#1B9E77	train
1077	#D95F02	test
1078	#FFFFFF	unused
1079	#D95F02	test
1080	#D95F02	test
1081	#1B9E77	train
1082	#FFFFFF	unused
1083	#D95F02	test
1084	#D95F02	test
1085	#D95F02	test
1086	#1B9E77	train
1087	#D95F02	test
1088	#FFFFFF	unused
1089	#1B9E77	train
1090	#FFFFFF	unused
1091	#D95F02	test
1092	#FFFFFF	unused
1093	#D95F02	test
1094	#1B9E77	train
1095	#D95F02	test
1096	#1B9E77	train
1097	#FFFFFF	unused
1098	#D95F02	test
1099	#D95F02	test
1100	#D95F02	test
1101	#1B9E77	train
1102	#FFFFFF	unused
1103	#1B9E77	train
1104	#D95F02	test
1105	#1B9E77	train
1106	#D95F02	test
1107	#1B9E77	train
1108	#1B9E77	train
1109	#1B9E77	train
1110	#D95F02	test
1111	#1B9E77	train
1112	#FFFFFF	unused
1113	#D95F02	test
1114	#1B9E77	train
1115	#D95F02	test
1116	#FFFFFF	unused
1117	#FFFFFF	unused
1118	#1B9E77	train
1119	#D95F02	test
1120	#D95F02	test
1121	#D95F02	test
1122	#FFFFFF	unused
1123	#1B9E77	train
1124	#FFFFFF	unused
1125	#D95F02	test
1126	#FFFFFF	unused
1127	#D95F02	test
1128	#D95F02	test
1129	#1B9E77	train
1130	#FFFFFF	unused
1131	#FFFFFF	unused
1132	#D95F02	test
1133	#FFFFFF	unused
1134	#FFFFFF	unused
1135	#D95F02	test
1136	#1B9E77	train
1137	#D95F02	test
1138	#FFFFFF	unused
1139	#D95F02	test
1140	#FFFFFF	unused
1141	#FFFFFF	unused
1142	#1B9E77	train
1143	#1B9E77	train
1144	#FFFFFF	unused
1145	#D95F02	test
1146	#D95F02	test
1147	#1B9E77	train
1148	#FFFFFF	unused
1149	#D95F02	test
1150	#D95F02	test
1151	#1B9E77	train
1152	#1B9E77	train
1153	#1B9E77	train
1154	#D95F02	test
1155	#D95F02	test
1156	#D95F02	test
1157	#FFFFFF	unused
1158	#1B9E77	train
1159	#D95F02	test
1160	#1B9E77	train
1161	#FFFFFF	unused
1162	#FFFFFF	unused
1163	#FFFFFF	unused
1164	#D95F02	test
1165	#1B9E77	train
1166	#1B9E77	train
1167	#FFFFFF	unused
1168	#D95F02	test
1169	#D95F02	test
1170	#1B9E77	train
1171	#1B9E77	train
1172	#1B9E77	train
1173	#D95F02	test
1174	#D95F02	test
1175	#D95F02	test
1176	#FFFFFF	unused
1177	#D95F02	test
1178	#1B9E77	train
1179	#FFFFFF	unused
1180	#FFFFFF	unused
1181	#D95F02	test
1182	#D95F02	test
1183	#D95F02	test
1184	#D95F02	test
1185	#1B9E77	train
1186	#1B9E77	train
1187	#FFFFFF	unused
1188	#FFFFFF	unused
1189	#1B9E77	train
1190	#1B9E77	train
1191	#D95F02	test
1192	#D95F02	test
1193	#1B9E77	train
1194	#D95F02	test
1195	#1B9E77	train
1196	#1B9E77	train
1197	#D95F02	test
1198	#D95F02	test
1199	#FFFFFF	unused
1200	#FFFFFF	unused
1201	#D95F02	test
1202	#D95F02	test
1203	#1B9E77	train
1204	#FFFFFF	unused
1205	#D95F02	test
1206	#FFFFFF	unused
1207	#D95F02	test
1208	#1B9E77	train
1209	#D95F02	test
1210	#FFFFFF	unused
1211	#FFFFFF	unused
1212	#FFFFFF	unused
1213	#FFFFFF	unused
1214	#D95F02	test
1215	#FFFFFF	unused
1216	#1B9E77	train
1217	#1B9E77	train
1218	#FFFFFF	unused
1219	#D95F02	test
1220	#FFFFFF	unused
1221	#D95F02	test
1222	#D95F02	test
1223	#1B9E77	train
1224	#D95F02	test
1225	#FFFFFF	unused
1226	#1B9E77	train
1227	#1B9E77	train
1228	#FFFFFF	unused
1229	#FFFFFF	unused
1230	#1B9E77	train
1231	#1B9E77	train
1232	#FFFFFF	unused
1233	#FFFFFF	unused
1234	#FFFFFF	unused
1235	#FFFFFF	unused
1236	#D95F02	test
1237	#1B9E77	train
1238	#D95F02	test
1239	#FFFFFF	unused
1240	#D95F02	test
1241	#1B9E77	train
1242	#D95F02	test
1243	#FFFFFF	unused
1244	#FFFFFF	unused
1245	#FFFFFF	unused
1246	#FFFFFF	unused
1247	#1B9E77	train
1248	#FFFFFF	unused
1249	#FFFFFF	unused
1250	#D95F02	test
1251	#D95F02	test
1252	#D95F02	test
1253	#D95F02	test
1254	#FFFFFF	unused
1255	#FFFFFF	unused
1256	#D95F02	test
1257	#1B9E77	train
1258	#1B9E77	train
1259	#FFFFFF	unused
1260	#FFFFFF	unused
1261	#D95F02	test
1262	#FFFFFF	unused
1263	#1B9E77	train
1264	#1B9E77	train
1265	#1B9E77	train
1266	#FFFFFF	unused
1267	#1B9E77	train
1268	#FFFFFF	unused
1269	#FFFFFF	unused
1270	#D95F02	test
1271	#FFFFFF	unused
1272	#FFFFFF	unused
1273	#FFFFFF	unused
1274	#1B9E77	train
1275	#D95F02	test
1276	#1B9E77	train
1277	#D95F02	test
1278	#1B9E77	train
1279	#FFFFFF	unused
1280	#FFFFFF	unused
1281	#1B9E77	train
1282	#FFFFFF	unused
1283	#FFFFFF	unused
1284	#D95F02	test
1285	#1B9E77	train
1286	#D95F02	test
1287	#FFFFFF	unused
1288	#D95F02	test
1289	#D95F02	test
1290	#D95F02	test
1291	#FFFFFF	unused
1292	#D95F02	test
1293	#D95F02	test
1294	#D95F02	test
1295	#1B9E77	train
1296	#FFFFFF	unused
1297	#1B9E77	train
1298	#D95F02	test
1299	#FFFFFF	unused
1300	#D95F02	test
1301	#1B9E77	train
1302	#FFFFFF	unused
1303	#FFFFFF	unused
1304	#FFFFFF	unused
1305	#1B9E77	train
1306	#FFFFFF	unused
1307	#FFFFFF	unused
1308	#1B9E77	train
1309	#D95F02	test
1310	#FFFFFF	unused
1311	#FFFFFF	unused
1312	#FFFFFF	unused
1313	#FFFFFF	unused
1314	#FFFFFF	unused
1315	#FFFFFF	unused
1316	#D95F02	test
1317	#1B9E77	train
1318	#FFFFFF	unused
1319	#1B9E77	train
1320	#FFFFFF	unused
1321	#1B9E77	train
1322	#D95F02	test
1323	#D95F02	test
1324	#D95F02	test
1325	#FFFFFF	unused
1326	#D95F02	test
1327	#1B9E77	train
1328	#D95F02	test
1329	#D95F02	test
1330	#D95F02	test
1331	#FFFFFF	unused
1332	#D95F02	test
1333	#D95F02	test
1334	#1B9E77	train
1335	#FFFFFF	unused
1336	#D95F02	test
1337	#FFFFFF	unused
1338	#D95F02	test
1339	#1B9E77	train
1340	#1B9E77	train
1341	#1B9E77	train
1342	#FFFFFF	unused
1343	#D95F02	test
1344	#FFFFFF	unused
1345	#1B9E77	train
1346	#1B9E77	train
1347	#FFFFFF	unused
1348	#D95F02	test
1349	#D95F02	test
1350	#1B9E77	train
1351	#FFFFFF	unused
1352	#FFFFFF	unused
1353	#FFFFFF	unused
1354	#1B9E77	train
1355	#D95F02	test
1356	#D95F02	test
1357	#FFFFFF	unused
1358	#FFFFFF	unused
1359	#FFFFFF	unused
1360	#1B9E77	train
1361	#D95F02	test
1362	#D95F02	test
1363	#1B9E77	train
1364	#1B9E77	train
1365	#D95F02	test
1366	#1B9E77	train
1367	#FFFFFF	unused
1368	#FFFFFF	unused
1369	#D95F02	test
1370	#FFFFFF	unused
1371	#D95F02	test
1372	#FFFFFF	unused
1373	#D95F02	test
1374	#D95F02	test
1375	#1B9E77	train
1376	#1B9E77	train
1377	#FFFFFF	unused
1378	#D95F02	test
1379	#1B9E77	train
1380	#1B9E77	train
1381	#D95F02	test
1382	#D95F02	test
1383	#D95F02	test
1384	#D95F02	test
1385	#D95F02	test
1386	#FFFFFF	unused
1387	#FFFFFF	unused
1388	#1B9E77	train
1389	#FFFFFF	unused
1390	#D95F02	test
1391	#D95F02	test
1392	#D95F02	test
1393	#FFFFFF	unused
1394	#1B9E77	train
1395	#D95F02	test
1396	#D95F02	test
1397	#D95F02	test
1398	#FFFFFF	unused
1399	#D95F02	test
1400	#FFFFFF	unused
1401	#FFFFFF	unused
1402	#1B9E77	train
1403	#1B9E77	train
1404	#1B9E77	train
1405	#D95F02	test
1406	#1B9E77	train
1407	#D95F02	test
1408	#1B9E77	train
1409	#FFFFFF	unused
1410	#FFFFFF	unused
1411	#1B9E77	train
1412	#FFFFFF	unused
1413	#1B9E77	train
1414	#1B9E77	train
1415	#FFFFFF	unused
1416	#1B9E77	train
1417	#D95F02	test
1418	#1B9E77	train
1419	#1B9E77	train
1420	#1B9E77	train
1421	#FFFFFF	unused
1422	#FFFFFF	unused
1423	#D95F02	test
1424	#D95F02	test
1425	#FFFFFF	unused
1426	#FFFFFF	unused
1427	#D95F02	test
1428	#D95F02	test
1429	#D95F02	test
1430	#D95F02	test
1431	#1B9E77	train
1432	#D95F02	test
1433	#D95F02	test
1434	#1B9E77	train
1435	#FFFFFF	unused
1436	#D95F02	test
1437	#D95F02	test
1438	#FFFFFF	unused
1439	#FFFFFF	unused
1440	#D95F02	test
1441	#FFFFFF	unused
1442	#FFFFFF	unused
1443	#D95F02	test
1444	#FFFFFF	unused
1445	#1B9E77	train
1446	#1B9E77	train
1447	#1B9E77	train
1448	#1B9E77	train
1449	#FFFFFF	unused
1450	#FFFFFF	unused
1451	#FFFFFF	unused
1452	#D95F02	test
1453	#FFFFFF	unused
1454	#FFFFFF	unused
1455	#FFFFFF	unused
1456	#1B9E77	train
1457	#FFFFFF	unused
1458	#1B9E77	train
1459	#FFFFFF	unused
1460	#1B9E77	train
1461	#1B9E77	train
1462	#FFFFFF	unused
1463	#FFFFFF	unused
1464	#FFFFFF	unused
1465	#1B9E77	train
1466	#D95F02	test
1467	#FFFFFF	unused
1468	#FFFFFF	unused
1469	#FFFFFF	unused
1470	#D95F02	test
1471	#FFFFFF	unused
1472	#FFFFFF	unused
1473	#D95F02	test
1474	#1B9E77	train
1475	#D95F02	test
1476	#FFFFFF	unused
1477	#D95F02	test
1478	#FFFFFF	unused
1479	#1B9E77	train
1480	#FFFFFF	unused
1481	#FFFFFF	unused
1482	#FFFFFF	unused
1483	#D95F02	test
1484	#1B9E77	train
1485	#FFFFFF	unused
1486	#FFFFFF	unused
1487	#FFFFFF	unused
1488	#FFFFFF	unused
1489	#FFFFFF	unused
1490	#D95F02	test
1491	#FFFFFF	unused
1492	#FFFFFF	unused
1493	#FFFFFF	unused
1494	#FFFFFF	unused
1495	#1B9E77	train
1496	#D95F02	test
1497	#D95F02	test
1498	#FFFFFF	unused
1499	#1B9E77	train
1500	#FFFFFF	unused
1501	#1B9E77	train
1502	#1B9E77	train
1503	#D95F02	test
1504	#D95F02	test
1505	#D95F02	test
1506	#FFFFFF	unused
1507	#FFFFFF	unused
1508	#1B9E77	train
1509	#D95F02	test
1510	#1B9E77	train
1511	#FFFFFF	unused
1512	#D95F02	test
1513	#D95F02	test
1514	#D95F02	test
1515	#1B9E77	train
1516	#1B9E77	train
1517	#FFFFFF	unused
1518	#FFFFFF	unused
1519	#D95F02	test
1520	#1B9E77	train
1521	#D95F02	test
1522	#FFFFFF	unused
1523	#1B9E77	train
1524	#D95F02	test
1525	#1B9E77	train
1526	#1B9E77	train
1527	#FFFFFF	unused
1528	#D95F02	test
1529	#FFFFFF	unused
1530	#D95F02	test
1531	#FFFFFF	unused
1532	#1B9E77	train
1533	#1B9E77	train
1534	#FFFFFF	unused
1535	#FFFFFF	unused
1536	#D95F02	test
1537	#D95F02	test
1538	#1B9E77	train
1539	#1B9E77	train
1540	#FFFFFF	unused
1541	#1B9E77	train
1542	#D95F02	test
1543	#D95F02	test
1544	#1B9E77	train
1545	#D95F02	test
1546	#FFFFFF	unused
1547	#1B9E77	train
1548	#D95F02	test
1549	#FFFFFF	unused
1550	#1B9E77	train
1551	#D95F02	test
1552	#1B9E77	train
1553	#FFFFFF	unused
1554	#D95F02	test
1555	#FFFFFF	unused
1556	#FFFFFF	unused
1557	#D95F02	test
1558	#FFFFFF	unused
1559	#1B9E77	train
1560	#1B9E77	train
1561	#1B9E77	train
1562	#1B9E77	train
1563	#D95F02	test
1564	#1B9E77	train
1565	#1B9E77	train
1566	#FFFFFF	unused
1567	#FFFFFF	unused
1568	#D95F02	test
1569	#D95F02	test
1570	#1B9E77	train
1571	#D95F02	test
1572	#D95F02	test
1573	#FFFFFF	unused
1574	#FFFFFF	unused
1575	#D95F02	test
1576	#1B9E77	train
1577	#D95F02	test
1578	#D95F02	test
1579	#FFFFFF	unused
1580	#D95F02	test
1581	#1B9E77	train
1582	#1B9E77	train
1583	#FFFFFF	unused
1584	#FFFFFF	unused
1585	#1B9E77	train
1586	#FFFFFF	unused
1587	#1B9E77	train
1588	#1B9E77	train
1589	#D95F02	test
1590	#D95F02	test
1591	#FFFFFF	unused
1592	#1B9E77	train
1593	#FFFFFF	unused
1594	#D95F02	test
1595	#FFFFFF	unused
1596	#D95F02	test
1597	#FFFFFF	unused
1598	#FFFFFF	unused
1599	#FFFFFF	unused
1600	#D95F02	test
1601	#1B9E77	train
1602	#D95F02	test
1603	#1B9E77	train
1604	#1B9E77	train
1605	#FFFFFF	unused
1606	#D95F02	test
1607	#D95F02	test
1608	#FFFFFF	unused
1609	#D95F02	test
1610	#D95F02	test
1611	#D95F02	test
1612	#D95F02	test
1613	#FFFFFF	unused
1614	#FFFFFF	unused
1615	#1B9E77	train
1616	#FFFFFF	unused
1617	#D95F02	test
1618	#FFFFFF	unused
1619	#FFFFFF	unused
1620	#1B9E77	train
1621	#FFFFFF	unused
1622	#D95F02	test
1623	#1B9E77	train
1624	#D95F02	test
1625	#FFFFFF	unused
1626	#FFFFFF	unused
1627	#1B9E77	train
1628	#D95F02	test
1629	#FFFFFF	unused
1630	#1B9E77	train
1631	#FFFFFF	unused
1632	#FFFFFF	unused
1633	#FFFFFF	unused
1634	#1B9E77	train
1635	#D95F02	test
1636	#FFFFFF	unused
1637	#FFFFFF	unused
1638	#FFFFFF	unused
1639	#D95F02	test
1640	#D95F02	test
1641	#FFFFFF	unused
1642	#FFFFFF	unused
1643	#FFFFFF	unused
1644	#1B9E77	train
1645	#FFFFFF	unused
1646	#1B9E77	train
1647	#FFFFFF	unused
1648	#FFFFFF	unused
1649	#FFFFFF	unused
1650	#D95F02	test
1651	#FFFFFF	unused
1652	#D95F02	test
1653	#FFFFFF	unused
1654	#FFFFFF	unused
1655	#D95F02	test
1656	#D95F02	test
1657	#1B9E77	train
1658	#1B9E77	train
1659	#1B9E77	train
1660	#1B9E77	train
1661	#1B9E77	train
1662	#D95F02	test
1663	#FFFFFF	unused
1664	#D95F02	test
1665	#D95F02	test
1666	#FFFFFF	unused
1667	#D95F02	test
1668	#FFFFFF	unused
1669	#1B9E77	train
1670	#1B9E77	train
1671	#FFFFFF	unused
1672	#FFFFFF	unused
1673	#FFFFFF	unused
1674	#D95F02	test
1675	#1B9E77	train
1676	#D95F02	test
1677	#D95F02	test
1678	#D95F02	test
1679	#D95F02	test
1680	#1B9E77	train
1681	#FFFFFF	unused
1682	#1B9E77	train
1683	#D95F02	test
1684	#D95F02	test
1685	#1B9E77	train
1686	#D95F02	test
1687	#FFFFFF	unused
1688	#1B9E77	train
1689	#D95F02	test
1690	#1B9E77	train
1691	#1B9E77	train
1692	#D95F02	test
1693	#D95F02	test
1694	#1B9E77	train
1695	#FFFFFF	unused
1696	#FFFFFF	unused
1697	#FFFFFF	unused
1698	#1B9E77	train
1699	#D95F02	test
1700	#FFFFFF	unused
1701	#FFFFFF	unused
1702	#1B9E77	train
1703	#FFFFFF	unused
1704	#FFFFFF	unused
1705	#D95F02	test
1706	#1B9E77	train
1707	#FFFFFF	unused
1708	#FFFFFF	unused
1709	#1B9E77	train
1710	#FFFFFF	unused
1711	#FFFFFF	unused
1712	#1B9E77	train
1713	#D95F02	test
1714	#FFFFFF	unused
1715	#1B9E77	train
1716	#1B9E77	train
1717	#1B9E77	train
1718	#D95F02	test
1719	#D95F02	test
1720	#D95F02	test
1721	#D95F02	test
1722	#FFFFFF	unused
1723	#1B9E77	train
1724	#FFFFFF	unused
1725	#1B9E77	train
1726	#FFFFFF	unused
1727	#FFFFFF	unused
1728	#1B9E77	train
1729	#1B9E77	train
1730	#FFFFFF	unused
1731	#1B9E77	train
1732	#1B9E77	train
1733	#D95F02	test
1734	#1B9E77	train
1735	#FFFFFF	unused
1736	#D95F02	test
1737	#1B9E77	train
1738	#D95F02	test
1739	#FFFFFF	unused
1740	#D95F02	test
1741	#FFFFFF	unused
1742	#FFFFFF	unused
1743	#1B9E77	train
1744	#FFFFFF	unused
1745	#D95F02	test
1746	#D95F02	test
1747	#1B9E77	train
1748	#1B9E77	train
1749	#1B9E77	train
1750	#D95F02	test
1751	#D95F02	test
1752	#D95F02	test
1753	#FFFFFF	unused
1754	#FFFFFF	unused
1755	#1B9E77	train
1756	#1B9E77	train
1757	#1B9E77	train
1758	#1B9E77	train
1759	#1B9E77	train
1760	#D95F02	test
1761	#FFFFFF	unused
1762	#D95F02	test
1763	#1B9E77	train
1764	#FFFFFF	unused
1765	#D95F02	test
1766	#D95F02	test
1767	#1B9E77	train
1768	#FFFFFF	unused
1769	#FFFFFF	unused
1770	#D95F02	test
1771	#D95F02	test
1772	#FFFFFF	unused
1773	#D95F02	test
1774	#FFFFFF	unused
1775	#1B9E77	train
1776	#FFFFFF	unused
1777	#1B9E77	train
1778	#D95F02	test
1779	#D95F02	test
1780	#FFFFFF	unused
1781	#FFFFFF	unused
1782	#1B9E77	train
1783	#1B9E77	train
1784	#FFFFFF	unused
1785	#1B9E77	train
1786	#FFFFFF	unused
1787	#FFFFFF	unused
1788	#D95F02	test
1789	#1B9E77	train
1790	#1B9E77	train
1791	#FFFFFF	unused
1792	#FFFFFF	unused
1793	#D95F02	test
1794	#FFFFFF	unused
1795	#1B9E77	train
1796	#D95F02	test
1797	#FFFFFF	unused
1798	#FFFFFF	unused
1799	#1B9E77	train
1800	#FFFFFF	unused
1801	#D95F02	test
1802	#FFFFFF	unused
1803	#FFFFFF	unused
1804	#1B9E77	train
1805	#1B9E77	train
1806	#FFFFFF	unused
1807	#D95F02	test
1808	#FFFFFF	unused
1809	#FFFFFF	unused
1810	#FFFFFF	unused
1811	#FFFFFF	unused
1812	#FFFFFF	unused
1813	#D95F02	test
1814	#1B9E77	train
1815	#FFFFFF	unused
1816	#D95F02	test
1817	#D95F02	test
1818	#FFFFFF	unused
1819	#FFFFFF	unused
1820	#1B9E77	train
1821	#1B9E77	train
1822	#D95F02	test
1823	#1B9E77	train
1824	#FFFFFF	unused
1825	#FFFFFF	unused
1826	#FFFFFF	unused
1827	#D95F02	test
1828	#D95F02	test
1829	#D95F02	test
1830	#FFFFFF	unused
1831	#D95F02	test
1832	#FFFFFF	unused
1833	#D95F02	test
1834	#FFFFFF	unused
1835	#D95F02	test
1836	#FFFFFF	unused
1837	#D95F02	test
1838	#FFFFFF	unused
1839	#1B9E77	train
1840	#D95F02	test
1841	#FFFFFF	unused
1842	#D95F02	test
1843	#FFFFFF	unused
1844	#D95F02	test
1845	#FFFFFF	unused
1846	#1B9E77	train
1847	#FFFFFF	unused
1848	#D95F02	test
1849	#FFFFFF	unused
1850	#D95F02	test
1851	#D95F02	test
1852	#FFFFFF	unused
1853	#D95F02	test
1854	#1B9E77	train
1855	#D95F02	test
1856	#FFFFFF	unused
1857	#D95F02	test
1858	#D95F02	test
1859	#FFFFFF	unused
1860	#1B9E77	train
1861	#1B9E77	train
1862	#D95F02	test
1863	#FFFFFF	unused
1864	#1B9E77	train
1865	#D95F02	test
1866	#D95F02	test
1867	#FFFFFF	unused
1868	#1B9E77	train
1869	#D95F02	test
1870	#D95F02	test
1871	#FFFFFF	unused
1872	#FFFFFF	unused
1873	#FFFFFF	unused
1874	#1B9E77	train
1875	#D95F02	test
1876	#D95F02	test
1877	#D95F02	test
1878	#1B9E77	train
1879	#FFFFFF	unused
1880	#D95F02	test
1881	#FFFFFF	unused
1882	#1B9E77	train
1883	#FFFFFF	unused
1884	#FFFFFF	unused
1885	#1B9E77	train
1886	#FFFFFF	unused
1887	#FFFFFF	unused
1888	#FFFFFF	unused
1889	#1B9E77	train
1890	#FFFFFF	unused
1891	#D95F02	test
1892	#FFFFFF	unused
1893	#FFFFFF	unused
1894	#D95F02	test
1895	#FFFFFF	unused
1896	#1B9E77	train
1897	#1B9E77	train
1898	#1B9E77	train
1899	#1B9E77	train
1900	#FFFFFF	unused
1901	#1B9E77	train
1902	#D95F02	test
1903	#D95F02	test
1904	#1B9E77	train
1905	#FFFFFF	unused
1906	#FFFFFF	unused
1907	#FFFFFF	unused
1908	#FFFFFF	unused
1909	#FFFFFF	unused
1910	#1B9E77	train
1911	#D95F02	test
1912	#1B9E77	train
1913	#FFFFFF	unused
1914	#FFFFFF	unused
1915	#D95F02	test
1916	#FFFFFF	unused
1917	#1B9E77	train
1918	#1B9E77	train
1919	#D95F02	test
1920	#1B9E77	train
1921	#D95F02	test
1922	#D95F02	test
1923	#FFFFFF	unused
1924	#D95F02	test
1925	#FFFFFF	unused
1926	#FFFFFF	unused
1927	#FFFFFF	unused
1928	#FFFFFF	unused
1929	#1B9E77	train
1930	#FFFFFF	unused
1931	#1B9E77	train
1932	#1B9E77	train
1933	#D95F02	test
1934	#FFFFFF	unused
1935	#D95F02	test
1936	#FFFFFF	unused
1937	#1B9E77	train
1938	#D95F02	test
1939	#FFFFFF	unused
1940	#1B9E77	train
1941	#1B9E77	train
1942	#FFFFFF	unused
1943	#1B9E77	train
1944	#FFFFFF	unused
1945	#1B9E77	train
1946	#1B9E77	train
1947	#1B9E77	train
1948	#D95F02	test
1949	#D95F02	test
1950	#FFFFFF	unused
1951	#D95F02	test
1952	#D95F02	test
1953	#FFFFFF	unused
1954	#1B9E77	train
1955	#1B9E77	train
1956	#FFFFFF	unused
1957	#FFFFFF	unused
1958	#FFFFFF	unused
1959	#D95F02	test
1960	#1B9E77	train
1961	#1B9E77	train
1962	#FFFFFF	unused
1963	#1B9E77	train
1964	#FFFFFF	unused
1965	#D95F02	test
1966	#1B9E77	train
1967	#FFFFFF	unused
1968	#D95F02	test
1969	#1B9E77	train
1970	#FFFFFF	unused
1971	#D95F02	test
1972	#FFFFFF	unused
1973	#FFFFFF	unused
1974	#FFFFFF	unused
1975	#1B9E77	train
1976	#1B9E77	train
1977	#FFFFFF	unused
1978	#D95F02	test
1979	#FFFFFF	unused
1980	#1B9E77	train
1981	#D95F02	test
1982	#FFFFFF	unused
1983	#FFFFFF	unused
1984	#1B9E77	train
1985	#FFFFFF	unused
1986	#D95F02	test
1987	#D95F02	test
1988	#D95F02	test
1989	#1B9E77	train
1990	#1B9E77	train
1991	#D95F02	test
1992	#FFFFFF	unused
1993	#D95F02	test
1994	#1B9E77	train
1995	#FFFFFF	unused
1996	#D95F02	test
1997	#1B9E77	train
1998	#FFFFFF	unused
1999	#D95F02	test
2000	#D95F02	test
2001	#1B9E77	train
2002	#1B9E77	train
2003	#FFFFFF	unused
2004	#1B9E77	train
2005	#FFFFFF	unused
2006	#1B9E77	train
2007	#D95F02	test
2008	#FFFFFF	unused
2009	#1B9E77	train
2010	#FFFFFF	unused
2011	#FFFFFF	unused
2012	#D95F02	test
2013	#D95F02	test
2014	#D95F02	test
2015	#FFFFFF	unused
2016	#FFFFFF	unused
2017	#FFFFFF	unused
2018	#1B9E77	train
2019	#FFFFFF	unused
2020	#1B9E77	train
2021	#D95F02	test
2022	#FFFFFF	unused
2023	#D95F02	test
2024	#D95F02	test
2025	#FFFFFF	unused
2026	#D95F02	test
2027	#1B9E77	train
2028	#FFFFFF	unused
2029	#D95F02	test
2030	#D95F02	test
2031	#1B9E77	train
2032	#D95F02	test
2033	#1B9E77	train
2034	#D95F02	test
2035	#D95F02	test
2036	#D95F02	test
2037	#D95F02	test
2038	#FFFFFF	unused
2039	#1B9E77	train
2040	#1B9E77	train
2041	#FFFFFF	unused
2042	#1B9E77	train
2043	#1B9E77	train
2044	#FFFFFF	unused
2045	#FFFFFF	unused
2046	#1B9E77	train
2047	#D95F02	test
2048	#1B9E77	train
2049	#FFFFFF	unused
2050	#FFFFFF	unused
2051	#D95F02	test
2052	#1B9E77	train
2053	#1B9E77	train
2054	#FFFFFF	unused
2055	#1B9E77	train
2056	#D95F02	test
2057	#1B9E77	train
2058	#1B9E77	train
2059	#D95F02	test
2060	#1B9E77	train
2061	#1B9E77	train
2062	#1B9E77	train
2063	#1B9E77	train
2064	#FFFFFF	unused
2065	#FFFFFF	unused
2066	#1B9E77	train
2067	#1B9E77	train
2068	#FFFFFF	unused
2069	#1B9E77	train
2070	#FFFFFF	unused
2071	#FFFFFF	unused
2072	#1B9E77	train
2073	#1B9E77	train
2074	#1B9E77	train
2075	#D95F02	test
2076	#FFFFFF	unused
2077	#FFFFFF	unused
2078	#1B9E77	train
2079	#1B9E77	train
2080	#1B9E77	train
2081	#FFFFFF	unused
2082	#FFFFFF	unused
2083	#1B9E77	train
2084	#FFFFFF	unused
2085	#D95F02	test
2086	#FFFFFF	unused
2087	#FFFFFF	unused
2088	#FFFFFF	unused
2089	#D95F02	test
2090	#1B9E77	train
2091	#1B9E77	train
2092	#1B9E77	train
2093	#FFFFFF	unused
2094	#FFFFFF	unused
2095	#D95F02	test
2096	#FFFFFF	unused
2097	#FFFFFF	unused
2098	#D95F02	test
2099	#FFFFFF	unused
2100	#FFFFFF	unused
2101	#D95F02	test
2102	#D95F02	test
2103	#D95F02	test
2104	#D95F02	test
2105	#1B9E77	train
2106	#FFFFFF	unused
2107	#1B9E77	train
2108	#FFFFFF	unused
2109	#1B9E77	train
2110	#FFFFFF	unused
2111	#FFFFFF	unused
2112	#D95F02	test
2113	#FFFFFF	unused
2114	#D95F02	test
2115	#D95F02	test
2116	#D95F02	test
2117	#D95F02	test
2118	#D95F02	test
2119	#1B9E77	train
2120	#FFFFFF	unused
2121	#D95F02	test
2122	#FFFFFF	unused
2123	#FFFFFF	unused
2124	#1B9E77	train
2125	#FFFFFF	unused
2126	#D95F02	test
2127	#FFFFFF	unused
2128	#FFFFFF	unused
2129	#FFFFFF	unused
2130	#D95F02	test
2131	#D95F02	test
2132	#D95F02	test
2133	#1B9E77	train
2134	#FFFFFF	unused
2135	#FFFFFF	unused
2136	#FFFFFF	unused
2137	#D95F02	test
2138	#D95F02	test
2139	#D95F02	test
2140	#1B9E77	train
2141	#D95F02	test
2142	#FFFFFF	unused
2143	#D95F02	test
2144	#FFFFFF	unused
2145	#D95F02	test
2146	#FFFFFF	unused
2147	#1B9E77	train
2148	#1B9E77	train
2149	#FFFFFF	unused
2150	#FFFFFF	unused
2151	#D95F02	test
2152	#FFFFFF	unused
2153	#D95F02	test
2154	#D95F02	test
2155	#D95F02	test
2156	#1B9E77	train
2157	#FFFFFF	unused
2158	#D95F02	test
2159	#D95F02	test
2160	#FFFFFF	unused
2161	#1B9E77	train
2162	#FFFFFF	unused
2163	#1B9E77	train
2164	#1B9E77	train
2165	#1B9E77	train
2166	#1B9E77	train
2167	#FFFFFF	unused
2168	#FFFFFF	unused
2169	#FFFFFF	unused
2170	#FFFFFF	unused
2171	#FFFFFF	unused
2172	#1B9E77	train
2173	#D95F02	test
2174	#D95F02	test
2175	#D95F02	test
2176	#D95F02	test
2177	#D95F02	test
2178	#D95F02	test
2179	#D95F02	test
2180	#FFFFFF	unused
2181	#1B9E77	train
2182	#D95F02	test
2183	#FFFFFF	unused
2184	#FFFFFF	unused
2185	#1B9E77	train
2186	#1B9E77	train
2187	#FFFFFF	unused
2188	#D95F02	test
2189	#1B9E77	train
2190	#FFFFFF	unused
2191	#FFFFFF	unused
2192	#FFFFFF	unused
2193	#1B9E77	train
2194	#1B9E77	train
2195	#D95F02	test
2196	#D95F02	test
2197	#1B9E77	train
2198	#D95F02	test
2199	#FFFFFF	unused
2200	#FFFFFF	unused
2201	#FFFFFF	unused
2202	#1B9E77	train
2203	#FFFFFF	unused
2204	#1B9E77	train
2205	#FFFFFF	unused
2206	#1B9E77	train
2207	#1B9E77	train
2208	#1B9E77	train
2209	#FFFFFF	unused
2210	#1B9E77	train
2211	#1B9E77	train
2212	#FFFFFF	unused
2213	#D95F02	test
2214	#FFFFFF	unused
2215	#1B9E77	train
2216	#D95F02	test
2217	#D95F02	test
2218	#1B9E77	train
2219	#FFFFFF	unused
2220	#1B9E77	train
2221	#FFFFFF	unused
2222	#1B9E77	train
2223	#FFFFFF	unused
2224	#1B9E77	train
2225	#D95F02	test
2226	#D95F02	test
2227	#FFFFFF	unused
2228	#FFFFFF	unused
2229	#D95F02	test
2230	#D95F02	test
2231	#FFFFFF	unused
2232	#D95F02	test
2233	#1B9E77	train
2234	#FFFFFF	unused
2235	#D95F02	test
2236	#1B9E77	train
2237	#D95F02	test
2238	#D95F02	test
2239	#FFFFFF	unused
2240	#FFFFFF	unused
2241	#D95F02	test
2242	#D95F02	test
2243	#D95F02	test
2244	#FFFFFF	unused
2245	#FFFFFF	unused
2246	#D95F02	test
2247	#1B9E77	train
2248	#FFFFFF	unused
2249	#D95F02	test
2250	#1B9E77	train
2251	#1B9E77	train
2252	#FFFFFF	unused
2253	#FFFFFF	unused
2254	#FFFFFF	unused
2255	#D95F02	test
2256	#D95F02	test
2257	#1B9E77	train
2258	#1B9E77	train
2259	#D95F02	test
2260	#D95F02	test
2261	#FFFFFF	unused
2262	#D95F02	test
2263	#FFFFFF	unused
2264	#FFFFFF	unused
2265	#FFFFFF	unused
2266	#D95F02	test
2267	#1B9E77	train
2268	#D95F02	test
2269	#D95F02	test
2270	#1B9E77	train
2271	#1B9E77	train
2272	#D95F02	test
2273	#D95F02	test
2274	#D95F02	test
2275	#FFFFFF	unused
2276	#FFFFFF	unused
2277	#FFFFFF	unused
2278	#D95F02	test
2279	#D95F02	test
2280	#FFFFFF	unused
2281	#D95F02	test
2282	#D95F02	test
2283	#D95F02	test
2284	#1B9E77	train
2285	#1B9E77	train
2286	#1B9E77	train
2287	#FFFFFF	unused
2288	#FFFFFF	unused
2289	#D95F02	test
2290	#1B9E77	train
2291	#1B9E77	train
2292	#FFFFFF	unused
2293	#D95F02	test
2294	#D95F02	test
2295	#1B9E77	train
2296	#FFFFFF	unused
2297	#1B9E77	train
2298	#1B9E77	train
2299	#D95F02	test
2300	#1B9E77	train
2301	#1B9E77	train
2302	#D95F02	test
2303	#D95F02	test
2304	#D95F02	test
2305	#FFFFFF	unused
2306	#FFFFFF	unused
2307	#D95F02	test
2308	#D95F02	test
2309	#FFFFFF	unused
2310	#D95F02	test
2311	#FFFFFF	unused
2312	#FFFFFF	unused
2313	#D95F02	test
2314	#D95F02	test
2315	#1B9E77	train
2316	#D95F02	test
2317	#1B9E77	train
2318	#FFFFFF	unused
2319	#D95F02	test
2320	#FFFFFF	unused
2321	#FFFFFF	unused
2322	#1B9E77	train
2323	#1B9E77	train
2324	#FFFFFF	unused
2325	#FFFFFF	unused
2326	#1B9E77	train
2327	#D95F02	test
2328	#FFFFFF	unused
2329	#D95F02	test
2330	#1B9E77	train
2331	#D95F02	test
2332	#1B9E77	train
2333	#FFFFFF	unused
2334	#D95F02	test
2335	#1B9E77	train
2336	#D95F02	test
2337	#D95F02	test
2338	#1B9E77	train
2339	#D95F02	test
2340	#D95F02	test
2341	#D95F02	test
2342	#FFFFFF	unused
2343	#D95F02	test
2344	#D95F02	test
2345	#FFFFFF	unused
2346	#1B9E77	train
2347	#FFFFFF	unused
2348	#D95F02	test
2349	#FFFFFF	unused
2350	#FFFFFF	unused
2351	#FFFFFF	unused
2352	#FFFFFF	unused
2353	#1B9E77	train
2354	#D95F02	test
2355	#1B9E77	train
2356	#FFFFFF	unused
2357	#1B9E77	train
2358	#FFFFFF	unused
2359	#FFFFFF	unused
2360	#FFFFFF	unused
2361	#D95F02	test
2362	#D95F02	test
2363	#FFFFFF	unused
2364	#FFFFFF	unused
2365	#FFFFFF	unused
2366	#FFFFFF	unused
2367	#1B9E77	train
2368	#1B9E77	train
2369	#1B9E77	train
2370	#FFFFFF	unused
2371	#FFFFFF	unused
2372	#FFFFFF	unused
2373	#1B9E77	train
2374	#FFFFFF	unused
2375	#1B9E77	train
2376	#D95F02	test
2377	#1B9E77	train
2378	#1B9E77	train
2379	#D95F02	test
2380	#FFFFFF	unused
2381	#1B9E77	train
2382	#1B9E77	train
2383	#FFFFFF	unused
2384	#FFFFFF	unused
2385	#D95F02	test
2386	#1B9E77	train
2387	#FFFFFF	unused
2388	#D95F02	test
2389	#1B9E77	train
2390	#FFFFFF	unused
2391	#D95F02	test
2392	#D95F02	test
2393	#FFFFFF	unused
2394	#FFFFFF	unused
2395	#1B9E77	train
2396	#FFFFFF	unused
2397	#D95F02	test
2398	#FFFFFF	unused
2399	#1B9E77	train
2400	#FFFFFF	unused
2401	#FFFFFF	unused
2402	#D95F02	test
2403	#FFFFFF	unused
2404	#D95F02	test
2405	#D95F02	test
2406	#D95F02	test
2407	#D95F02	test
2408	#1B9E77	train
2409	#D95F02	test
2410	#1B9E77	train
2411	#1B9E77	train
2412	#1B9E77	train
2413	#FFFFFF	unused
2414	#D95F02	test
2415	#D95F02	test
2416	#1B9E77	train
2417	#D95F02	test
2418	#D95F02	test
2419	#FFFFFF	unused
2420	#FFFFFF	unused
2421	#1B9E77	train
2422	#1B9E77	train
2423	#FFFFFF	unused
2424	#D95F02	test
2425	#1B9E77	train
2426	#D95F02	test
2427	#D95F02	test
2428	#D95F02	test
2429	#D95F02	test
2430	#D95F02	test
2431	#FFFFFF	unused
2432	#FFFFFF	unused
2433	#D95F02	test
2434	#1B9E77	train
2435	#D95F02	test
2436	#FFFFFF	unused
2437	#FFFFFF	unused
2438	#FFFFFF	unused
2439	#D95F02	test
2440	#FFFFFF	unused
2441	#1B9E77	train
2442	#1B9E77	train
2443	#1B9E77	train
2444	#FFFFFF	unused
2445	#FFFFFF	unused
2446	#FFFFFF	unused
2447	#1B9E77	train
2448	#FFFFFF	unused
2449	#1B9E77	train
2450	#FFFFFF	unused
2451	#FFFFFF	unused
2452	#1B9E77	train
2453	#D95F02	test
2454	#FFFFFF	unused
2455	#1B9E77	train
2456	#FFFFFF	unused
2457	#FFFFFF	unused
2458	#D95F02	test
2459	#FFFFFF	unused
2460	#FFFFFF	unused
2461	#D95F02	test
2462	#FFFFFF	unused
2463	#FFFFFF	unused
2464	#D95F02	test
2465	#1B9E77	train
2466	#1B9E77	train
2467	#FFFFFF	unused
2468	#1B9E77	train
2469	#D95F02	test
2470	#FFFFFF	unused
2471	#D95F02	test
2472	#1B9E77	train
2473	#D95F02	test
2474	#D95F02	test
2475	#FFFFFF	unused
2476	#D95F02	test
2477	#FFFFFF	unused
2478	#D95F02	test
2479	#1B9E77	train
2480	#D95F02	test
2481	#1B9E77	train
2482	#FFFFFF	unused
2483	#D95F02	test
2484	#1B9E77	train
2485	#1B9E77	train
2486	#FFFFFF	unused
2487	#FFFFFF	unused
2488	#1B9E77	train
2489	#FFFFFF	unused
2490	#D95F02	test
2491	#FFFFFF	unused
2492	#D95F02	test
2493	#D95F02	test
2494	#FFFFFF	unused
2495	#FFFFFF	unused
2496	#FFFFFF	unused
2497	#FFFFFF	unused
2498	#D95F02	test
2499	#D95F02	test
2500	#D95F02	test
2501	#FFFFFF	unused
2502	#D95F02	test
2503	#1B9E77	train
2504	#D95F02	test
2505	#1B9E77	train
2506	#D95F02	test
2507	#FFFFFF	unused
2508	#FFFFFF	unused
2509	#FFFFFF	unused
2510	#1B9E77	train
2511	#1B9E77	train
2512	#FFFFFF	unused
2513	#1B9E77	train
2514	#D95F02	test
2515	#FFFFFF	unused
2516	#D95F02	test
2517	#FFFFFF	unused
2518	#1B9E77	train
2519	#FFFFFF	unused
2520	#FFFFFF	unused
2521	#1B9E77	train
2522	#FFFFFF	unused
2523	#1B9E77	train
2524	#FFFFFF	unused
2525	#FFFFFF	unused
2526	#FFFFFF	unused
2527	#1B9E77	train
2528	#1B9E77	train
2529	#D95F02	test
2530	#FFFFFF	unused
2531	#D95F02	test
2532	#D95F02	test
2533	#D95F02	test
2534	#1B9E77	train
2535	#FFFFFF	unused
2536	#FFFFFF	unused
2537	#1B9E77	train
2538	#1B9E77	train
2539	#1B9E77	train
2540	#FFFFFF	unused
2541	#D95F02	test
2542	#1B9E77	train
2543	#FFFFFF	unused
2544	#FFFFFF	unused
2545	#D95F02	test
2546	#FFFFFF	unused
2547	#D95F02	test
2548	#D95F02	test
2549	#FFFFFF	unused
2550	#D95F02	test
2551	#1B9E77	train
2552	#D95F02	test
2553	#1B9E77	train
2554	#D95F02	test
2555	#1B9E77	train
2556	#D95F02	test
2557	#D95F02	test
2558	#FFFFFF	unused
2559	#D95F02	test
2560	#FFFFFF	unused
2561	#D95F02	test
2562	#D95F02	test
2563	#1B9E77	train
2564	#D95F02	test
2565	#FFFFFF	unused
2566	#1B9E77	train
2567	#D95F02	test
2568	#1B9E77	train
2569	#1B9E77	train
2570	#FFFFFF	unused
2571	#1B9E77	train
2572	#D95F02	test
2573	#D95F02	test
2574	#FFFFFF	unused
2575	#FFFFFF	unused
2576	#D95F02	test
2577	#D95F02	test
2578	#FFFFFF	unused
2579	#D95F02	test
2580	#D95F02	test
2581	#D95F02	test
2582	#1B9E77	train
2583	#D95F02	test
2584	#D95F02	test
2585	#FFFFFF	unused
2586	#1B9E77	train
2587	#FFFFFF	unused
2588	#FFFFFF	unused
2589	#FFFFFF	unused
2590	#D95F02	test
2591	#FFFFFF	unused
2592	#1B9E77	train
2593	#FFFFFF	unused
2594	#FFFFFF	unused
2595	#D95F02	test
2596	#FFFFFF	unused
2597	#D95F02	test
2598	#FFFFFF	unused
2599	#D95F02	test
2600	#D95F02	test
2601	#D95F02	test
2602	#1B9E77	train
2603	#D95F02	test
2604	#1B9E77	train
2605	#FFFFFF	unused
2606	#D95F02	test
2607	#FFFFFF	unused
2608	#1B9E77	train
2609	#FFFFFF	unused
2610	#FFFFFF	unused
2611	#1B9E77	train
2612	#1B9E77	train
2613	#FFFFFF	unused
2614	#FFFFFF	unused
2615	#1B9E77	train
2616	#D95F02	test
2617	#1B9E77	train
2618	#1B9E77	train
2619	#1B9E77	train
2620	#FFFFFF	unused
2621	#1B9E77	train
2622	#FFFFFF	unused
2623	#D95F02	test
2624	#1B9E77	train
2625	#D95F02	test
2626	#FFFFFF	unused
2627	#FFFFFF	unused
2628	#D95F02	test
2629	#1B9E77	train
2630	#1B9E77	train
2631	#D95F02	test
2632	#1B9E77	train
2633	#D95F02	test
2634	#1B9E77	train
2635	#D95F02	test
2636	#FFFFFF	unused
2637	#1B9E77	train
2638	#1B9E77	train
2639	#D95F02	test
2640	#D95F02	test
2641	#FFFFFF	unused
2642	#1B9E77	train
2643	#1B9E77	train
2644	#D95F02	test
2645	#D95F02	test
2646	#FFFFFF	unused
2647	#1B9E77	train
2648	#FFFFFF	unused
2649	#FFFFFF	unused
2650	#D95F02	test
2651	#1B9E77	train
2652	#1B9E77	train
2653	#D95F02	test
2654	#FFFFFF	unused
2655	#FFFFFF	unused
2656	#1B9E77	train
2657	#D95F02	test
2658	#1B9E77	train
2659	#D95F02	test
2660	#1B9E77	train
2661	#D95F02	test
2662	#FFFFFF	unused
2663	#1B9E77	train
2664	#D95F02	test
2665	#D95F02	test
2666	#D95F02	test
2667	#FFFFFF	unused
2668	#1B9E77	train
2669	#D95F02	test
2670	#FFFFFF	unused
2671	#FFFFFF	unused
2672	#D95F02	test
2673	#1B9E77	train
2674	#FFFFFF	unused
2675	#1B9E77	train
2676	#FFFFFF	unused
2677	#FFFFFF	unused
2678	#FFFFFF	unused
2679	#1B9E77	train
2680	#FFFFFF	unused
2681	#D95F02	test
2682	#1B9E77	train
2683	#1B9E77	train
2684	#FFFFFF	unused
2685	#D95F02	test
2686	#1B9E77	train
2687	#D95F02	test
2688	#FFFFFF	unused
2689	#FFFFFF	unused
2690	#D95F02	test
2691	#D95F02	test
2692	#D95F02	test
2693	#1B9E77	train
2694	#FFFFFF	unused
2695	#FFFFFF	unused
2696	#FFFFFF	unused
2697	#1B9E77	train
2698	#FFFFFF	unused
2699	#D95F02	test
2700	#D95F02	test
2701	#D95F02	test
2702	#FFFFFF	unused
2703	#FFFFFF	unused
2704	#1B9E77	train
2705	#1B9E77	train
2706	#FFFFFF	unused
2707	#D95F02	test
2708	#FFFFFF	unused
2709	#FFFFFF	unused
2710	#FFFFFF	unused
2711	#FFFFFF	unused
2712	#FFFFFF	unused
2713	#D95F02	test
2714	#1B9E77	train
2715	#FFFFFF	unused
2716	#D95F02	test
2717	#D95F02	test
2718	#FFFFFF	unused
2719	#FFFFFF	unused
2720	#1B9E77	train
2721	#1B9E77	train
2722	#D95F02	test
2723	#1B9E77	train
2724	#FFFFFF	unused
2725	#FFFFFF	unused
2726	#FFFFFF	unused
2727	#D95F02	test
2728	#D95F02	test
2729	#D95F02	test
2730	#FFFFFF	unused
2731	#D95F02	test
2732	#FFFFFF	unused
2733	#D95F02	test
2734	#FFFFFF	unused
2735	#D95F02	test
2736	#FFFFFF	unused
2737	#D95F02	test
2738	#FFFFFF	unused
2739	#1B9E77	train
2740	#D95F02	test
2741	#FFFFFF	unused
2742	#D95F02	test
2743	#FFFFFF	unused
2744	#D95F02	test
2745	#FFFFFF	unused
2746	#1B9E77	train
2747	#FFFFFF	unused
2748	#D95F02	test
2749	#FFFFFF	unused
2750	#D95F02	test
2751	#D95F02	test
2752	#FFFFFF	unused
2753	#D95F02	test
2754	#1B9E77	train
2755	#D95F02	test
2756	#FFFFFF	unused
2757	#D95F02	test
2758	#D95F02	test
2759	#FFFFFF	unused
2760	#1B9E77	train
2761	#1B9E77	train
2762	#D95F02	test
2763	#FFFFFF	unused
2764	#1B9E77	train
2765	#D95F02	test
2766	#D95F02	test
2767	#FFFFFF	unused
2768	#1B9E77	train
2769	#D95F02	test
2770	#D95F02	test
2771	#FFFFFF	unused
2772	#FFFFFF	unused
2773	#FFFFFF	unused
2774	#1B9E77	train
2775	#D95F02	test
2776	#D95F02	test
2777	#D95F02	test
2778	#1B9E77	train
2779	#FFFFFF	unused
2780	#D95F02	test
2781	#FFFFFF	unused
2782	#1B9E77	train
2783	#FFFFFF	unused
2784	#FFFFFF	unused
2785	#1B9E77	train
2786	#FFFFFF	unused
2787	#FFFFFF	unused
2788	#FFFFFF	unused
2789	#1B9E77	train
2790	#FFFFFF	unused
2791	#D95F02	test
2792	#FFFFFF	unused
2793	#FFFFFF	unused
2794	#D95F02	test
2795	#FFFFFF	unused
2796	#1B9E77	train
2797	#1B9E77	train
2798	#1B9E77	train
2799	#1B9E77	train
2800	#FFFFFF	unused
2801	#1B9E77	train
2802	#D95F02	test
2803	#D95F02	test
2804	#1B9E77	train
2805	#FFFFFF	unused
2806	#FFFFFF	unused
2807	#FFFFFF	unused
2808	#FFFFFF	unused
2809	#FFFFFF	unused
2810	#1B9E77	train
2811	#D95F02	test
2812	#1B9E77	train
2813	#FFFFFF	unused
2814	#FFFFFF	unused
2815	#D95F02	test
2816	#FFFFFF	unused
2817	#1B9E77	train
2818	#1B9E77	train
2819	#D95F02	test
2820	#1B9E77	train
2821	#D95F02	test
2822	#D95F02	test
2823	#FFFFFF	unused
2824	#D95F02	test
2825	#FFFFFF	unused
2826	#FFFFFF	unused
2827	#FFFFFF	unused
2828	#FFFFFF	unused
2829	#1B9E77	train
2830	#FFFFFF	unused
2831	#1B9E77	train
2832	#1B9E77	train
2833	#D95F02	test
2834	#FFFFFF	unused
2835	#D95F02	test
2836	#FFFFFF	unused
2837	#1B9E77	train
2838	#D95F02	test
2839	#FFFFFF	unused
2840	#1B9E77	train
2841	#1B9E77	train
2842	#FFFFFF	unused
2843	#1B9E77	train
2844	#FFFFFF	unused
2845	#1B9E77	train
2846	#1B9E77	train
2847	#1B9E77	train
2848	#D95F02	test
2849	#D95F02	test
2850	#FFFFFF	unused
2851	#D95F02	test
2852	#D95F02	test
2853	#FFFFFF	unused
2854	#1B9E77	train
2855	#1B9E77	train
2856	#FFFFFF	unused
2857	#FFFFFF	unused
2858	#FFFFFF	unused
2859	#D95F02	test
2860	#1B9E77	train
2861	#1B9E77	train
2862	#FFFFFF	unused
2863	#1B9E77	train
2864	#FFFFFF	unused
2865	#D95F02	test
2866	#1B9E77	train
2867	#FFFFFF	unused
2868	#D95F02	test
2869	#1B9E77	train
2870	#FFFFFF	unused
2871	#D95F02	test
2872	#FFFFFF	unused
2873	#FFFFFF	unused
2874	#FFFFFF	unused
2875	#1B9E77	train
2876	#1B9E77	train
2877	#FFFFFF	unused
2878	#D95F02	test
2879	#FFFFFF	unused
2880	#1B9E77	train
2881	#D95F02	test
2882	#FFFFFF	unused
2883	#FFFFFF	unused
2884	#1B9E77	train
2885	#FFFFFF	unused
2886	#D95F02	test
2887	#D95F02	test
2888	#D95F02	test
2889	#1B9E77	train
2890	#1B9E77	train
2891	#D95F02	test
2892	#FFFFFF	unused
2893	#D95F02	test
2894	#1B9E77	train
2895	#FFFFFF	unused
2896	#D95F02	test
2897	#1B9E77	train
2898	#FFFFFF	unused
2899	#D95F02	test
2900	#D95F02	test
2901	#1B9E77	train
2902	#1B9E77	train
2903	#FFFFFF	unused
2904	#1B9E77	train
2905	#FFFFFF	unused
2906	#1B9E77	train
2907	#D95F02	test
2908	#FFFFFF	unused
2909	#1B9E77	train
2910	#FFFFFF	unused
2911	#FFFFFF	unused
2912	#D95F02	test
2913	#D95F02	test
2914	#D95F02	test
2915	#FFFFFF	unused
2916	#FFFFFF	unused
2917	#FFFFFF	unused
2918	#1B9E77	train
2919	#FFFFFF	unused
2920	#1B9E77	train
2921	#D95F02	test
2922	#FFFFFF	unused
2923	#D95F02	test
2924	#D95F02	test
2925	#FFFFFF	unused
2926	#D95F02	test
2927	#1B9E77	train
2928	#FFFFFF	unused
2929	#D95F02	test
2930	#D95F02	test
2931	#1B9E77	train
2932	#D95F02	test
2933	#1B9E77	train
2934	#D95F02	test
2935	#D95F02	test
2936	#D95F02	test
2937	#D95F02	test
2938	#FFFFFF	unused
2939	#1B9E77	train
2940	#1B9E77	train
2941	#FFFFFF	unused
2942	#1B9E77	train
2943	#1B9E77	train
2944	#FFFFFF	unused
2945	#FFFFFF	unused
2946	#1B9E77	train
2947	#D95F02	test
2948	#1B9E77	train
2949	#FFFFFF	unused
2950	#FFFFFF	unused
2951	#D95F02	test
2952	#1B9E77	train
2953	#1B9E77	train
2954	#FFFFFF	unused
2955	#1B9E77	train
2956	#D95F02	test
2957	#1B9E77	train
2958	#1B9E77	train
2959	#D95F02	test
2960	#1B9E77	train
2961	#1B9E77	train
2962	#1B9E77	train
2963	#1B9E77	train
2964	#FFFFFF	unused
2965	#FFFFFF	unused
2966	#1B9E77	train
2967	#1B9E77	train
2968	#FFFFFF	unused
2969	#1B9E77	train
2970	#FFFFFF	unused
2971	#FFFFFF	unused
2972	#1B9E77	train
2973	#1B9E77	train
2974	#1B9E77	train
2975	#D95F02	test
2976	#FFFFFF	unused
2977	#FFFFFF	unused
2978	#1B9E77	train
2979	#1B9E77	train
2980	#1B9E77	train
2981	#FFFFFF	unused
2982	#FFFFFF	unused
2983	#1B9E77	train
2984	#FFFFFF	unused
2985	#D95F02	test
2986	#FFFFFF	unused
2987	#FFFFFF	unused
2988	#FFFFFF	unused
2989	#D95F02	test
2990	#1B9E77	train
2991	#1B9E77	train
2992	#1B9E77	train
2993	#FFFFFF	unused
2994	#FFFFFF	unused
2995	#D95F02	test
2996	#FFFFFF	unused
2997	#FFFFFF	unused
2998	#D95F02	test
2999	#FFFFFF	unused
3000	#FFFFFF	unused
3001	#D95F02	test
3002	#D95F02	test
3003	#D95F02	test
3004	#D95F02	test
3005	#1B9E77	train
3006	#FFFFFF	unused
3007	#1B9E77	train
3008	#FFFFFF	unused
3009	#1B9E77	train
3010	#FFFFFF	unused
3011	#FFFFFF	unused
3012	#D95F02	test
3013	#FFFFFF	unused
3014	#D95F02	test
3015	#D95F02	test
3016	#D95F02	test
3017	#D95F02	test
3018	#D95F02	test
3019	#1B9E77	train
3020	#FFFFFF	unused
3021	#D95F02	test
3022	#FFFFFF	unused
3023	#FFFFFF	unused
3024	#1B9E77	train
3025	#FFFFFF	unused
3026	#D95F02	test
3027	#FFFFFF	unused
3028	#FFFFFF	unused
3029	#FFFFFF	unused
3030	#D95F02	test
3031	#D95F02	test
3032	#D95F02	test
3033	#1B9E77	train
3034	#FFFFFF	unused
3035	#FFFFFF	unused
3036	#FFFFFF	unused
3037	#D95F02	test
3038	#D95F02	test
3039	#D95F02	test
3040	#1B9E77	train
3041	#D95F02	test
3042	#FFFFFF	unused
3043	#D95F02	test
3044	#FFFFFF	unused
3045	#D95F02	test
3046	#FFFFFF	unused
3047	#1B9E77	train
3048	#1B9E77	train
3049	#FFFFFF	unused
3050	#FFFFFF	unused
3051	#D95F02	test
3052	#FFFFFF	unused
3053	#D95F02	test
3054	#D95F02	test
3055	#D95F02	test
3056	#1B9E77	train
3057	#FFFFFF	unused
3058	#D95F02	test
3059	#D95F02	test
3060	#FFFFFF	unused
3061	#1B9E77	train
3062	#FFFFFF	unused
3063	#1B9E77	train
3064	#1B9E77	train
3065	#1B9E77	train
3066	#1B9E77	train
3067	#FFFFFF	unused
3068	#FFFFFF	unused
3069	#FFFFFF	unused
3070	#FFFFFF	unused
3071	#FFFFFF	unused
3072	#1B9E77	train
3073	#D95F02	test
3074	#D95F02	test
3075	#D95F02	test
3076	#D95F02	test
3077	#D95F02	test
3078	#D95F02	test
3079	#D95F02	test
3080	#FFFFFF	unused
3081	#1B9E77	train
3082	#D95F02	test
3083	#FFFFFF	unused
3084	#FFFFFF	unused
3085	#1B9E77	train
3086	#1B9E77	train
3087	#FFFFFF	unused
3088	#D95F02	test
3089	#1B9E77	train
3090	#FFFFFF	unused
3091	#FFFFFF	unused
3092	#FFFFFF	unused
3093	#1B9E77	train
3094	#1B9E77	train
3095	#D95F02	test
3096	#D95F02	test
3097	#1B9E77	train
3098	#D95F02	test
3099	#FFFFFF	unused
3100	#FFFFFF	unused
3101	#FFFFFF	unused
3102	#1B9E77	train
3103	#FFFFFF	unused
3104	#1B9E77	train
3105	#FFFFFF	unused
3106	#1B9E77	train
3107	#1B9E77	train
3108	#1B9E77	train
3109	#FFFFFF	unused
3110	#1B9E77	train
3111	#1B9E77	train
3112	#FFFFFF	unused
3113	#D95F02	test
3114	#FFFFFF	unused
3115	#1B9E77	train
3116	#D95F02	test
3117	#D95F02	test
3118	#1B9E77	train
3119	#FFFFFF	unused
3120	#1B9E77	train
3121	#FFFFFF	unused
3122	#1B9E77	train
3123	#FFFFFF	unused
3124	#1B9E77	train
3125	#D95F02	test
3126	#D95F02	test
3127	#FFFFFF	unused
3128	#FFFFFF	unused
3129	#D95F02	test
3130	#D95F02	test
3131	#FFFFFF	unused
3132	#D95F02	test
3133	#1B9E77	train
3134	#FFFFFF	unused
3135	#D95F02	test
3136	#1B9E77	train
3137	#D95F02	test
3138	#D95F02	test
3139	#FFFFFF	unused
3140	#FFFFFF	unused
3141	#D95F02	test
3142	#D95F02	test
3143	#D95F02	test
3144	#FFFFFF	unused
3145	#FFFFFF	unused
3146	#D95F02	test
3147	#1B9E77	train
3148	#FFFFFF	unused
3149	#D95F02	test
3150	#1B9E77	train
3151	#1B9E77	train
3152	#FFFFFF	unused
3153	#FFFFFF	unused
3154	#FFFFFF	unused
3155	#D95F02	test
3156	#D95F02	test
3157	#1B9E77	train
3158	#1B9E77	train
3159	#D95F02	test
3160	#D95F02	test
3161	#FFFFFF	unused
3162	#D95F02	test
3163	#FFFFFF	unused
3164	#FFFFFF	unused
3165	#FFFFFF	unused
3166	#D95F02	test
3167	#1B9E77	train
3168	#D95F02	test
3169	#D95F02	test
3170	#1B9E77	train
3171	#1B9E77	train
3172	#D95F02	test
3173	#D95F02	test
3174	#D95F02	test
3175	#FFFFFF	unused
3176	#FFFFFF	unused
3177	#FFFFFF	unused
3178	#D95F02	test
3179	#D95F02	test
3180	#FFFFFF	unused
3181	#D95F02	test
3182	#D95F02	test
3183	#D95F02	test
3184	#1B9E77	train
3185	#1B9E77	train
3186	#1B9E77	train
3187	#FFFFFF	unused
3188	#FFFFFF	unused
3189	#D95F02	test
3190	#1B9E77	train
3191	#1B9E77	train
3192	#FFFFFF	unused
3193	#D95F02	test
3194	#D95F02	test
3195	#1B9E77	train
3196	#FFFFFF	unused
3197	#1B9E77	train
3198	#1B9E77	train
3199	#D95F02	test
3200	#1B9E77	train
3201	#1B9E77	train
3202	#D95F02	test
3203	#D95F02	test
3204	#D95F02	test
3205	#FFFFFF	unused
3206	#FFFFFF	unused
3207	#D95F02	test
3208	#D95F02	test
3209	#FFFFFF	unused
3210	#D95F02	test
3211	#FFFFFF	unused
3212	#FFFFFF	unused
3213	#D95F02	test
3214	#D95F02	test
3215	#1B9E77	train
3216	#D95F02	test
3217	#1B9E77	train
3218	#FFFFFF	unused
3219	#D95F02	test
3220	#FFFFFF	unused
3221	#FFFFFF	unused
3222	#1B9E77	train
3223	#1B9E77	train
3224	#FFFFFF	unused
3225	#FFFFFF	unused
3226	#1B9E77	train
3227	#D95F02	test
3228	#FFFFFF	unused
3229	#D95F02	test
3230	#1B9E77	train
3231	#D95F02	test
3232	#1B9E77	train
3233	#FFFFFF	unused
3234	#D95F02	test
3235	#1B9E77	train
3236	#D95F02	test
3237	#D95F02	test
3238	#1B9E77	train
3239	#D95F02	test
3240	#D95F02	test
3241	#D95F02	test
3242	#FFFFFF	unused
3243	#D95F02	test
3244	#D95F02	test
3245	#FFFFFF	unused
3246	#1B9E77	train
3247	#FFFFFF	unused
3248	#D95F02	test
3249	#FFFFFF	unused
3250	#FFFFFF	unused
3251	#FFFFFF	unused
3252	#FFFFFF	unused
3253	#1B9E77	train
3254	#D95F02	test
3255	#1B9E77	train
3256	#FFFFFF	unused
3257	#1B9E77	train
3258	#FFFFFF	unused
3259	#FFFFFF	unused
3260	#FFFFFF	unused
3261	#D95F02	test
3262	#D95F02	test
3263	#FFFFFF	unused
3264	#FFFFFF	unused
3265	#FFFFFF	unused
3266	#FFFFFF	unused
3267	#1B9E77	train
3268	#1B9E77	train
3269	#1B9E77	train
3270	#FFFFFF	unused
3271	#FFFFFF	unused
3272	#FFFFFF	unused
3273	#1B9E77	train
3274	#FFFFFF	unused
3275	#1B9E77	train
3276	#D95F02	test
3277	#1B9E77	train
3278	#1B9E77	train
3279	#D95F02	test
3280	#FFFFFF	unused
3281	#1B9E77	train
3282	#1B9E77	train
3283	#FFFFFF	unused
3284	#FFFFFF	unused
3285	#D95F02	test
3286	#1B9E77	train
3287	#FFFFFF	unused
3288	#D95F02	test
3289	#1B9E77	train
3290	#FFFFFF	unused
3291	#D95F02	test
3292	#D95F02	test
3293	#FFFFFF	unused
3294	#FFFFFF	unused
3295	#1B9E77	train
3296	#FFFFFF	unused
3297	#D95F02	test
3298	#FFFFFF	unused
3299	#1B9E77	train
3300	#FFFFFF	unused
3301	#FFFFFF	unused
3302	#D95F02	test
3303	#FFFFFF	unused
3304	#D95F02	test
3305	#D95F02	test
3306	#D95F02	test
3307	#D95F02	test
3308	#1B9E77	train
3309	#D95F02	test
3310	#1B9E77	train
3311	#1B9E77	train
3312	#1B9E77	train
3313	#FFFFFF	unused
3314	#D95F02	test
3315	#D95F02	test
3316	#1B9E77	train
3317	#D95F02	test
3318	#D95F02	test
3319	#FFFFFF	unused
3320	#FFFFFF	unused
3321	#1B9E77	train
3322	#1B9E77	train
3323	#FFFFFF	unused
3324	#D95F02	test
3325	#1B9E77	train
3326	#D95F02	test
3327	#D95F02	test
3328	#D95F02	test
3329	#D95F02	test
3330	#D95F02	test
3331	#FFFFFF	unused
3332	#FFFFFF	unused
3333	#D95F02	test
3334	#1B9E77	train
3335	#D95F02	test
3336	#FFFFFF	unused
3337	#FFFFFF	unused
3338	#FFFFFF	unused
3339	#D95F02	test
3340	#FFFFFF	unused
3341	#1B9E77	train
3342	#1B9E77	train
3343	#1B9E77	train
3344	#FFFFFF	unused
3345	#FFFFFF	unused
3346	#FFFFFF	unused
3347	#1B9E77	train
3348	#FFFFFF	unused
3349	#1B9E77	train
3350	#FFFFFF	unused
3351	#FFFFFF	unused
3352	#1B9E77	train
3353	#D95F02	test
3354	#FFFFFF	unused
3355	#1B9E77	train
3356	#FFFFFF	unused
3357	#FFFFFF	unused
3358	#D95F02	test
3359	#FFFFFF	unused
3360	#FFFFFF	unused
3361	#D95F02	test
3362	#FFFFFF	unused
3363	#FFFFFF	unused
3364	#D95F02	test
3365	#1B9E77	train
3366	#1B9E77	train
3367	#FFFFFF	unused
3368	#1B9E77	train
3369	#D95F02	test
3370	#FFFFFF	unused
3371	#D95F02	test
3372	#1B9E77	train
3373	#D95F02	test
3374	#D95F02	test
3375	#FFFFFF	unused
3376	#D95F02	test
3377	#FFFFFF	unused
3378	#D95F02	test
3379	#1B9E77	train
3380	#D95F02	test
3381	#1B9E77	train
3382	#FFFFFF	unused
3383	#D95F02	test
3384	#1B9E77	train
3385	#1B9E77	train
3386	#FFFFFF	unused
3387	#FFFFFF	unused
3388	#1B9E77	train
3389	#FFFFFF	unused
3390	#D95F02	test
3391	#FFFFFF	unused
3392	#D95F02	test
3393	#D95F02	test
3394	#FFFFFF	unused
3395	#FFFFFF	unused
3396	#FFFFFF	unused
3397	#FFFFFF	unused
3398	#D95F02	test
3399	#D95F02	test
3400	#D95F02	test
3401	#FFFFFF	unused
3402	#D95F02	test
3403	#1B9E77	train
3404	#D95F02	test
3405	#1B9E77	train
3406	#D95F02	test
3407	#FFFFFF	unused
3408	#FFFFFF	unused
3409	#FFFFFF	unused
3410	#1B9E77	train
3411	#1B9E77	train
3412	#FFFFFF	unused
3413	#1B9E77	train
3414	#D95F02	test
3415	#FFFFFF	unused
3416	#D95F02	test
3417	#FFFFFF	unused
3418	#1B9E77	train
3419	#FFFFFF	unused
3420	#FFFFFF	unused
3421	#1B9E77	train
3422	#FFFFFF	unused
3423	#1B9E77	train
3424	#FFFFFF	unused
3425	#FFFFFF	unused
3426	#FFFFFF	unused
3427	#1B9E77	train
3428	#1B9E77	train
3429	#D95F02	test
3430	#FFFFFF	unused
3431	#D95F02	test
3432	#D95F02	test
3433	#D95F02	test
3434	#1B9E77	train
3435	#FFFFFF	unused
3436	#FFFFFF	unused
3437	#1B9E77	train
3438	#1B9E77	train
3439	#1B9E77	train
3440	#FFFFFF	unused
3441	#D95F02	test
3442	#1B9E77	train
3443	#FFFFFF	unused
3444	#FFFFFF	unused
3445	#D95F02	test
3446	#FFFFFF	unused
3447	#D95F02	test
3448	#D95F02	test
3449	#FFFFFF	unused
3450	#D95F02	test
3451	#1B9E77	train
3452	#D95F02	test
3453	#1B9E77	train
3454	#D95F02	test
3455	#1B9E77	train
3456	#D95F02	test
3457	#D95F02	test
3458	#FFFFFF	unused
3459	#D95F02	test
3460	#FFFFFF	unused
3461	#D95F02	test
3462	#D95F02	test
3463	#1B9E77	train
3464	#D95F02	test
3465	#FFFFFF	unused
3466	#1B9E77	train
3467	#D95F02	test
3468	#1B9E77	train
3469	#1B9E77	train
3470	#FFFFFF	unused
3471	#1B9E77	train
3472	#D95F02	test
3473	#D95F02	test
3474	#FFFFFF	unused
3475	#FFFFFF	unused
3476	#D95F02	test
3477	#D95F02	test
3478	#FFFFFF	unused
3479	#D95F02	test
3480	#D95F02	test
3481	#D95F02	test
3482	#1B9E77	train
3483	#D95F02	test
3484	#D95F02	test
3485	#FFFFFF	unused
3486	#1B9E77	train
3487	#FFFFFF	unused
3488	#FFFFFF	unused
3489	#FFFFFF	unused
3490	#D95F02	test
3491	#FFFFFF	unused
3492	#1B9E77	train
3493	#FFFFFF	unused
3494	#FFFFFF	unused
3495	#D95F02	test
3496	#FFFFFF	unused
3497	#D95F02	test
3498	#FFFFFF	unused
3499	#D95F02	test
3500	#D95F02	test
3501	#D95F02	test
3502	#1B9E77	train
3503	#D95F02	test
3504	#1B9E77	train
3505	#FFFFFF	unused
3506	#D95F02	test
3507	#FFFFFF	unused
3508	#1B9E77	train
3509	#FFFFFF	unused
3510	#FFFFFF	unused
3511	#1B9E77	train
3512	#1B9E77	train
3513	#FFFFFF	unused
3514	#FFFFFF	unused
3515	#1B9E77	train
3516	#D95F02	test
3517	#1B9E77	train
3518	#1B9E77	train
3519	#1B9E77	train
3520	#FFFFFF	unused
3521	#1B9E77	train
3522	#FFFFFF	unused
3523	#D95F02	test
3524	#1B9E77	train
3525	#D95F02	test
3526	#FFFFFF	unused
3527	#FFFFFF	unused
3528	#D95F02	test
3529	#1B9E77	train
3530	#1B9E77	train
3531	#D95F02	test
3532	#1B9E77	train
3533	#D95F02	test
3534	#1B9E77	train
3535	#D95F02	test
3536	#FFFFFF	unused
3537	#1B9E77	train
3538	#1B9E77	train
3539	#D95F02	test
3540	#D95F02	test
3541	#FFFFFF	unused
3542	#1B9E77	train
3543	#1B9E77	train
3544	#D95F02	test
3545	#D95F02	test
3546	#FFFFFF	unused
3547	#1B9E77	train
3548	#FFFFFF	unused
3549	#FFFFFF	unused
3550	#D95F02	test
3551	#1B9E77	train
3552	#1B9E77	train
3553	#D95F02	test
3554	#FFFFFF	unused
3555	#FFFFFF	unused
3556	#1B9E77	train
3557	#D95F02	test
3558	#1B9E77	train
3559	#D95F02	test
3560	#1B9E77	train
3561	#D95F02	test
3562	#FFFFFF	unused
3563	#1B9E77	train
3564	#D95F02	test
3565	#D95F02	test
3566	#D95F02	test
3567	#FFFFFF	unused
3568	#1B9E77	train
3569	#D95F02	test
3570	#FFFFFF	unused
3571	#FFFFFF	unused
3572	#D95F02	test
3573	#1B9E77	train
3574	#FFFFFF	unused
3575	#1B9E77	train
3576	#FFFFFF	unused
3577	#FFFFFF	unused
3578	#FFFFFF	unused
3579	#1B9E77	train
3580	#FFFFFF	unused
3581	#D95F02	test
3582	#1B9E77	train
3583	#1B9E77	train
3584	#FFFFFF	unused
3585	#D95F02	test
3586	#1B9E77	train
3587	#D95F02	test
3588	#FFFFFF	unused
3589	#FFFFFF	unused
3590	#D95F02	test
3591	#D95F02	test
3592	#D95F02	test
3593	#1B9E77	train
3594	#FFFFFF	unused
3595	#FFFFFF	unused
3596	#FFFFFF	unused
3597	#1B9E77	train
3598	#FFFFFF	unused
3599	#D95F02	test
3600	#D95F02	test
